elemID,permission,layout_width,layout_height,textColor,text,textSize,src_image_text,background_image_text
audio_image,RECORD_AUDIO,wrap_content,wrap_content,,,,,
dialog_text1,GET_TASKS,fill_parent,wrap_content,@android:color/white,设置想要显示的文字,22.0dip,,
dialog_text1,ACCESS_FINE_LOCATION,fill_parent,wrap_content,@android:color/white,设置想要显示的文字,22.0dip,,
dialog_text1,ACCESS_COARSE_LOCATION,fill_parent,wrap_content,@android:color/white,设置想要显示的文字,22.0dip,,
dialog_text1,ACCESS_FINE_LOCATION,fill_parent,wrap_content,@android:color/white,设置想要显示的文字,22.0dip,,
dialog_text1,ACCESS_NETWORK_STATE,fill_parent,wrap_content,@android:color/white,设置想要显示的文字,22.0dip,,
dialog_text1,ACCESS_WIFI_STATE,fill_parent,wrap_content,@android:color/white,设置想要显示的文字,22.0dip,,
dialog_text1,READ_PHONE_STATE,fill_parent,wrap_content,@android:color/white,设置想要显示的文字,22.0dip,,
dialog_text1,ACCESS_NETWORK_STATE,fill_parent,wrap_content,@android:color/white,设置想要显示的文字,22.0dip,,
vedio_stop,RECORD_AUDIO,100.0dip,wrap_content,,停 止,,,
vedio_stop,CAMERA,100.0dip,wrap_content,,停 止,,,
yang_task_clear,GET_TASKS,wrap_content,wrap_content,@color/white,@string/yang_one_bt,,,
yang_task_clear,KILL_BACKGROUND_PROCESSES,wrap_content,wrap_content,@color/white,@string/yang_one_bt,,,
tab2,GET_TASKS,fill_parent,5.0dip,@color/main,@string/yang_transfor,18.0sp,,
tab2,KILL_BACKGROUND_PROCESSES,fill_parent,5.0dip,@color/main,@string/yang_transfor,18.0sp,,
tab2,VIBRATE,fill_parent,5.0dip,@color/main,@string/yang_transfor,18.0sp,,
tab2,READ_PHONE_STATE,fill_parent,5.0dip,@color/main,@string/yang_transfor,18.0sp,,
tab2,INTERNET,fill_parent,5.0dip,@color/main,@string/yang_transfor,18.0sp,,
yang_share,GET_TASKS,fill_parent,56.0dip,,,,,
yang_share,KILL_BACKGROUND_PROCESSES,fill_parent,56.0dip,,,,,
yang_share,VIBRATE,fill_parent,56.0dip,,,,,
yang_share,BROADCAST_STICKY,fill_parent,56.0dip,,,,,
yang_share,ACCESS_NETWORK_STATE,fill_parent,56.0dip,,,,,
yang_share,READ_PHONE_STATE,fill_parent,56.0dip,,,,,
yang_share,INTERNET,fill_parent,56.0dip,,,,,
pointer,GET_TASKS,wrap_content,wrap_content,,,,,
pointer,KILL_BACKGROUND_PROCESSES,wrap_content,wrap_content,,,,,
pointer,VIBRATE,wrap_content,wrap_content,,,,,
pointer,ACCESS_NETWORK_STATE,wrap_content,wrap_content,,,,,
pointer,READ_PHONE_STATE,wrap_content,wrap_content,,,,,
pointer,INTERNET,wrap_content,wrap_content,,,,,
tableRow2,GET_TASKS,wrap_content,wrap_content,,@string/buy,,,
tableRow2,VIBRATE,wrap_content,wrap_content,,@string/buy,,,
tableRow2,ACCESS_FINE_LOCATION,wrap_content,wrap_content,,@string/buy,,,
tableRow2,ACCESS_COARSE_LOCATION,wrap_content,wrap_content,,@string/buy,,,
tableRow2,ACCESS_FINE_LOCATION,wrap_content,wrap_content,,@string/buy,,,
tableRow2,ACCESS_NETWORK_STATE,wrap_content,wrap_content,,@string/buy,,,
tableRow2,ACCESS_WIFI_STATE,wrap_content,wrap_content,,@string/buy,,,
tableRow2,ACCESS_NETWORK_STATE,wrap_content,wrap_content,,@string/buy,,,
tableRow2,READ_PHONE_STATE,wrap_content,wrap_content,,@string/buy,,,
tableRow2,ACCESS_NETWORK_STATE,wrap_content,wrap_content,,@string/buy,,,
tableRow2,INTERNET,wrap_content,wrap_content,,@string/buy,,,
bind_weibo,GET_TASKS,wrap_content,fill_parent,#ff333333,微博,16.0sp,,
bind_weibo,BROADCAST_STICKY,wrap_content,fill_parent,#ff333333,微博,16.0sp,,
bind_weibo,ACCESS_FINE_LOCATION,wrap_content,fill_parent,#ff333333,微博,16.0sp,,
bind_weibo,ACCESS_COARSE_LOCATION,wrap_content,fill_parent,#ff333333,微博,16.0sp,,
bind_weibo,ACCESS_FINE_LOCATION,wrap_content,fill_parent,#ff333333,微博,16.0sp,,
bind_weibo,ACCESS_NETWORK_STATE,wrap_content,fill_parent,#ff333333,微博,16.0sp,,
bind_weibo,ACCESS_WIFI_STATE,wrap_content,fill_parent,#ff333333,微博,16.0sp,,
bind_weibo,CHANGE_WIFI_STATE,wrap_content,fill_parent,#ff333333,微博,16.0sp,,
bind_weibo,ACCESS_WIFI_STATE,wrap_content,fill_parent,#ff333333,微博,16.0sp,,
bind_weibo,WRITE_SETTINGS,wrap_content,fill_parent,#ff333333,微博,16.0sp,,
bind_weibo,READ_PHONE_STATE,wrap_content,fill_parent,#ff333333,微博,16.0sp,,
bind_weibo,ACCESS_NETWORK_STATE,wrap_content,fill_parent,#ff333333,微博,16.0sp,,
bind_weibo,READ_PHONE_STATE,wrap_content,fill_parent,#ff333333,微博,16.0sp,,
bind_weibo,INTERNET,wrap_content,fill_parent,#ff333333,微博,16.0sp,,
bind_weibo,GET_TASKS,wrap_content,fill_parent,#ff333333,微博,16.0sp,,
bind_weibo,BROADCAST_STICKY,wrap_content,fill_parent,#ff333333,微博,16.0sp,,
bind_weibo,ACCESS_WIFI_STATE,wrap_content,fill_parent,#ff333333,微博,16.0sp,,
bind_weibo,READ_PHONE_STATE,wrap_content,fill_parent,#ff333333,微博,16.0sp,,
bind_weibo,ACCESS_NETWORK_STATE,wrap_content,fill_parent,#ff333333,微博,16.0sp,,
bind_weibo,INTERNET,wrap_content,fill_parent,#ff333333,微博,16.0sp,,
bind_weibo,GET_TASKS,wrap_content,fill_parent,#ff333333,微博,16.0sp,,
bind_weibo,BROADCAST_STICKY,wrap_content,fill_parent,#ff333333,微博,16.0sp,,
bind_weibo,ACCESS_WIFI_STATE,wrap_content,fill_parent,#ff333333,微博,16.0sp,,
bind_weibo,READ_PHONE_STATE,wrap_content,fill_parent,#ff333333,微博,16.0sp,,
bind_weibo,ACCESS_NETWORK_STATE,wrap_content,fill_parent,#ff333333,微博,16.0sp,,
bind_weibo,INTERNET,wrap_content,fill_parent,#ff333333,微博,16.0sp,,
bind_weibo,GET_TASKS,,,,,,,
bind_weibo,BROADCAST_STICKY,,,,,,,
bind_weibo,ACCESS_WIFI_STATE,,,,,,,
bind_weibo,READ_PHONE_STATE,,,,,,,
bind_weibo,ACCESS_NETWORK_STATE,,,,,,,
bind_weibo,INTERNET,,,,,,,
bind_weibo,BROADCAST_STICKY,,,,,,,
bind_weibo,ACCESS_FINE_LOCATION,,,,,,,
bind_weibo,ACCESS_COARSE_LOCATION,,,,,,,
bind_weibo,ACCESS_FINE_LOCATION,,,,,,,
bind_weibo,ACCESS_NETWORK_STATE,,,,,,,
bind_weibo,ACCESS_WIFI_STATE,,,,,,,
bind_weibo,ACCESS_NETWORK_STATE,,,,,,,
bind_weibo,READ_PHONE_STATE,,,,,,,
bind_weibo,INTERNET,,,,,,,
bind_weibo,GET_TASKS,,,,,,,
bind_weibo,BROADCAST_STICKY,,,,,,,
bind_weibo,ACCESS_FINE_LOCATION,,,,,,,
bind_weibo,ACCESS_COARSE_LOCATION,,,,,,,
bind_weibo,ACCESS_FINE_LOCATION,,,,,,,
bind_weibo,ACCESS_NETWORK_STATE,,,,,,,
bind_weibo,ACCESS_WIFI_STATE,,,,,,,
bind_weibo,READ_PHONE_STATE,,,,,,,
bind_weibo,ACCESS_NETWORK_STATE,,,,,,,
bind_weibo,READ_PHONE_STATE,,,,,,,
bind_weibo,INTERNET,,,,,,,
bind_weibo,ACCESS_FINE_LOCATION,,,,,,,
bind_weibo,ACCESS_COARSE_LOCATION,,,,,,,
bind_weibo,ACCESS_FINE_LOCATION,,,,,,,
bind_weibo,ACCESS_NETWORK_STATE,,,,,,,
bind_weibo,ACCESS_WIFI_STATE,,,,,,,
bind_weibo,READ_PHONE_STATE,,,,,,,
bind_weibo,INTERNET,,,,,,,
title,GET_TASKS,fill_parent,wrap_content,,,,,
title,ACCESS_NETWORK_STATE,fill_parent,wrap_content,,,,,
title,ACCESS_WIFI_STATE,fill_parent,wrap_content,,,,,
title,READ_PHONE_STATE,fill_parent,wrap_content,,,,,
title,ACCESS_NETWORK_STATE,fill_parent,wrap_content,,,,,
unit_textView_approval_quantity,GET_TASKS,wrap_content,wrap_content,@color/bottom,0,,,
unit_textView_approval_quantity,ACCESS_NETWORK_STATE,wrap_content,wrap_content,@color/bottom,0,,,
unit_textView_approval_quantity,ACCESS_WIFI_STATE,wrap_content,wrap_content,@color/bottom,0,,,
unit_textView_approval_quantity,READ_PHONE_STATE,wrap_content,wrap_content,@color/bottom,0,,,
unit_textView_approval_quantity,ACCESS_NETWORK_STATE,wrap_content,wrap_content,@color/bottom,0,,,
setting_morepage_row4,GET_TASKS,wrap_content,fill_parent,#ff333333,关于,16.0sp,,
setting_morepage_row4,BROADCAST_STICKY,wrap_content,fill_parent,#ff333333,关于,16.0sp,,
setting_morepage_row4,ACCESS_FINE_LOCATION,wrap_content,fill_parent,#ff333333,关于,16.0sp,,
setting_morepage_row4,ACCESS_COARSE_LOCATION,wrap_content,fill_parent,#ff333333,关于,16.0sp,,
setting_morepage_row4,ACCESS_FINE_LOCATION,wrap_content,fill_parent,#ff333333,关于,16.0sp,,
setting_morepage_row4,ACCESS_NETWORK_STATE,wrap_content,fill_parent,#ff333333,关于,16.0sp,,
setting_morepage_row4,ACCESS_WIFI_STATE,wrap_content,fill_parent,#ff333333,关于,16.0sp,,
setting_morepage_row4,READ_PHONE_STATE,wrap_content,fill_parent,#ff333333,关于,16.0sp,,
setting_morepage_row4,ACCESS_NETWORK_STATE,wrap_content,fill_parent,#ff333333,关于,16.0sp,,
setting_morepage_row4,READ_PHONE_STATE,wrap_content,fill_parent,#ff333333,关于,16.0sp,,
setting_morepage_row4,INTERNET,wrap_content,fill_parent,#ff333333,关于,16.0sp,,
setting_morepage_row4,GET_TASKS,wrap_content,fill_parent,#ff333333,关于,16.0sp,,
setting_morepage_row4,BROADCAST_STICKY,wrap_content,fill_parent,#ff333333,关于,16.0sp,,
setting_morepage_row4,ACCESS_WIFI_STATE,wrap_content,fill_parent,#ff333333,关于,16.0sp,,
setting_morepage_row4,READ_PHONE_STATE,wrap_content,fill_parent,#ff333333,关于,16.0sp,,
setting_morepage_row4,ACCESS_NETWORK_STATE,wrap_content,fill_parent,#ff333333,关于,16.0sp,,
setting_morepage_row4,INTERNET,wrap_content,fill_parent,#ff333333,关于,16.0sp,,
setting_morepage_row4,GET_TASKS,wrap_content,fill_parent,#ff333333,关于,16.0sp,,
setting_morepage_row4,BROADCAST_STICKY,wrap_content,fill_parent,#ff333333,关于,16.0sp,,
setting_morepage_row4,ACCESS_WIFI_STATE,wrap_content,fill_parent,#ff333333,关于,16.0sp,,
setting_morepage_row4,READ_PHONE_STATE,wrap_content,fill_parent,#ff333333,关于,16.0sp,,
setting_morepage_row4,ACCESS_NETWORK_STATE,wrap_content,fill_parent,#ff333333,关于,16.0sp,,
setting_morepage_row4,INTERNET,wrap_content,fill_parent,#ff333333,关于,16.0sp,,
setting_morepage_row4,GET_TASKS,,,,,,,
setting_morepage_row4,BROADCAST_STICKY,,,,,,,
setting_morepage_row4,ACCESS_WIFI_STATE,,,,,,,
setting_morepage_row4,READ_PHONE_STATE,,,,,,,
setting_morepage_row4,ACCESS_NETWORK_STATE,,,,,,,
setting_morepage_row4,INTERNET,,,,,,,
setting_morepage_row4,BROADCAST_STICKY,,,,,,,
setting_morepage_row4,ACCESS_FINE_LOCATION,,,,,,,
setting_morepage_row4,ACCESS_COARSE_LOCATION,,,,,,,
setting_morepage_row4,ACCESS_FINE_LOCATION,,,,,,,
setting_morepage_row4,ACCESS_NETWORK_STATE,,,,,,,
setting_morepage_row4,ACCESS_WIFI_STATE,,,,,,,
setting_morepage_row4,ACCESS_NETWORK_STATE,,,,,,,
setting_morepage_row4,READ_PHONE_STATE,,,,,,,
setting_morepage_row4,INTERNET,,,,,,,
setting_morepage_row4,GET_TASKS,,,,,,,
setting_morepage_row4,BROADCAST_STICKY,,,,,,,
setting_morepage_row4,ACCESS_FINE_LOCATION,,,,,,,
setting_morepage_row4,ACCESS_COARSE_LOCATION,,,,,,,
setting_morepage_row4,ACCESS_FINE_LOCATION,,,,,,,
setting_morepage_row4,ACCESS_NETWORK_STATE,,,,,,,
setting_morepage_row4,ACCESS_WIFI_STATE,,,,,,,
setting_morepage_row4,READ_PHONE_STATE,,,,,,,
setting_morepage_row4,ACCESS_NETWORK_STATE,,,,,,,
setting_morepage_row4,READ_PHONE_STATE,,,,,,,
setting_morepage_row4,INTERNET,,,,,,,
setting_morepage_row4,ACCESS_FINE_LOCATION,,,,,,,
setting_morepage_row4,ACCESS_COARSE_LOCATION,,,,,,,
setting_morepage_row4,ACCESS_FINE_LOCATION,,,,,,,
setting_morepage_row4,ACCESS_NETWORK_STATE,,,,,,,
setting_morepage_row4,ACCESS_WIFI_STATE,,,,,,,
setting_morepage_row4,READ_PHONE_STATE,,,,,,,
setting_morepage_row4,INTERNET,,,,,,,
login_forget,GET_TASKS,,,,,,,
login_forget,BROADCAST_STICKY,,,,,,,
login_forget,ACCESS_WIFI_STATE,,,,,,,
login_forget,READ_PHONE_STATE,,,,,,,
login_forget,ACCESS_NETWORK_STATE,,,,,,,
login_forget,INTERNET,,,,,,,
login_forget,GET_TASKS,,,,,,,
login_forget,VIBRATE,,,,,,,
login_forget,BROADCAST_STICKY,,,,,,,
login_forget,ACCESS_FINE_LOCATION,,,,,,,
login_forget,ACCESS_COARSE_LOCATION,,,,,,,
login_forget,ACCESS_FINE_LOCATION,,,,,,,
login_forget,ACCESS_NETWORK_STATE,,,,,,,
login_forget,ACCESS_WIFI_STATE,,,,,,,
login_forget,CHANGE_WIFI_STATE,,,,,,,
login_forget,ACCESS_WIFI_STATE,,,,,,,
login_forget,WRITE_SETTINGS,,,,,,,
login_forget,READ_PHONE_STATE,,,,,,,
login_forget,ACCESS_NETWORK_STATE,,,,,,,
login_forget,READ_PHONE_STATE,,,,,,,
login_forget,INTERNET,,,,,,,
login_forget,GET_TASKS,,,,,,,
login_forget,BROADCAST_STICKY,,,,,,,
login_forget,ACCESS_WIFI_STATE,,,,,,,
login_forget,READ_PHONE_STATE,,,,,,,
login_forget,ACCESS_NETWORK_STATE,,,,,,,
login_forget,INTERNET,,,,,,,
login_forget,GET_TASKS,,,,,,,
login_forget,BROADCAST_STICKY,,,,,,,
login_forget,ACCESS_WIFI_STATE,,,,,,,
login_forget,READ_PHONE_STATE,,,,,,,
login_forget,ACCESS_NETWORK_STATE,,,,,,,
login_forget,INTERNET,,,,,,,
login_forget,BROADCAST_STICKY,,,,,,,
login_forget,ACCESS_FINE_LOCATION,,,,,,,
login_forget,ACCESS_COARSE_LOCATION,,,,,,,
login_forget,ACCESS_FINE_LOCATION,,,,,,,
login_forget,ACCESS_NETWORK_STATE,,,,,,,
login_forget,ACCESS_WIFI_STATE,,,,,,,
login_forget,ACCESS_NETWORK_STATE,,,,,,,
login_forget,READ_PHONE_STATE,,,,,,,
login_forget,INTERNET,,,,,,,
login_forget,GET_TASKS,,,,,,,
login_forget,BROADCAST_STICKY,,,,,,,
login_forget,ACCESS_FINE_LOCATION,,,,,,,
login_forget,ACCESS_COARSE_LOCATION,,,,,,,
login_forget,ACCESS_FINE_LOCATION,,,,,,,
login_forget,ACCESS_NETWORK_STATE,,,,,,,
login_forget,ACCESS_WIFI_STATE,,,,,,,
login_forget,READ_PHONE_STATE,,,,,,,
login_forget,ACCESS_NETWORK_STATE,,,,,,,
login_forget,READ_PHONE_STATE,,,,,,,
login_forget,INTERNET,,,,,,,
login_forget,ACCESS_FINE_LOCATION,,,,,,,
login_forget,ACCESS_COARSE_LOCATION,,,,,,,
login_forget,ACCESS_FINE_LOCATION,,,,,,,
login_forget,ACCESS_NETWORK_STATE,,,,,,,
login_forget,ACCESS_WIFI_STATE,,,,,,,
login_forget,READ_PHONE_STATE,,,,,,,
login_forget,INTERNET,,,,,,,
text_tip_num,GET_TASKS,wrap_content,wrap_content,@android:color/white,3,15.0sp,,
text_tip_num,VIBRATE,wrap_content,wrap_content,@android:color/white,3,15.0sp,,
text_tip_num,WAKE_LOCK,wrap_content,wrap_content,@android:color/white,3,15.0sp,,
text_tip_num,ACCESS_NETWORK_STATE,wrap_content,wrap_content,@android:color/white,3,15.0sp,,
text_tip_num,ACCESS_WIFI_STATE,wrap_content,wrap_content,@android:color/white,3,15.0sp,,
text_tip_num,WAKE_LOCK,wrap_content,wrap_content,@android:color/white,3,15.0sp,,
text_tip_num,ACCESS_FINE_LOCATION,wrap_content,wrap_content,@android:color/white,3,15.0sp,,
text_tip_num,READ_PHONE_STATE,wrap_content,wrap_content,@android:color/white,3,15.0sp,,
text_tip_num,ACCESS_NETWORK_STATE,wrap_content,wrap_content,@android:color/white,3,15.0sp,,
text_tip_num,INTERNET,wrap_content,wrap_content,@android:color/white,3,15.0sp,,
about_back,WAKE_LOCK,wrap_content,wrap_content,,,,,
imoney,VIBRATE,wrap_content,wrap_content,,,,,
imoney,ACCESS_FINE_LOCATION,wrap_content,wrap_content,,,,,
imoney,WAKE_LOCK,wrap_content,wrap_content,,,,,
imoney,ACCESS_NETWORK_STATE,wrap_content,wrap_content,,,,,
imoney,READ_PHONE_STATE,wrap_content,wrap_content,,,,,
imoney,ACCESS_NETWORK_STATE,wrap_content,wrap_content,,,,,
imoney,INTERNET,wrap_content,wrap_content,,,,,
cd,VIBRATE,fill_parent,wrap_content,,,,,
cd,ACCESS_FINE_LOCATION,fill_parent,wrap_content,,,,,
cd,WAKE_LOCK,fill_parent,wrap_content,,,,,
cd,ACCESS_NETWORK_STATE,fill_parent,wrap_content,,,,,
cd,READ_PHONE_STATE,fill_parent,wrap_content,,,,,
cd,ACCESS_NETWORK_STATE,fill_parent,wrap_content,,,,,
cd,INTERNET,fill_parent,wrap_content,,,,,
girl_img,WAKE_LOCK,wrap_content,wrap_content,,,,U,
boy_img,WAKE_LOCK,wrap_content,wrap_content,,,,,
start_game,VIBRATE,wrap_content,wrap_content,,,,,
start_game,ACCESS_FINE_LOCATION,wrap_content,wrap_content,,,,,
start_game,WAKE_LOCK,wrap_content,wrap_content,,,,,
start_game,ACCESS_NETWORK_STATE,wrap_content,wrap_content,,,,,
start_game,READ_PHONE_STATE,wrap_content,wrap_content,,,,,
start_game,ACCESS_NETWORK_STATE,wrap_content,wrap_content,,,,,
start_game,INTERNET,wrap_content,wrap_content,,,,,
rank,VIBRATE,wrap_content,wrap_content,,,,,
rank,ACCESS_FINE_LOCATION,wrap_content,wrap_content,,,,,
rank,WAKE_LOCK,wrap_content,wrap_content,,,,,
rank,ACCESS_NETWORK_STATE,wrap_content,wrap_content,,,,,
rank,READ_PHONE_STATE,wrap_content,wrap_content,,,,,
rank,ACCESS_NETWORK_STATE,wrap_content,wrap_content,,,,,
rank,INTERNET,wrap_content,wrap_content,,,,,
option,VIBRATE,wrap_content,wrap_content,,,,,
option,ACCESS_FINE_LOCATION,wrap_content,wrap_content,,,,,
option,WAKE_LOCK,wrap_content,wrap_content,,,,,
option,ACCESS_NETWORK_STATE,wrap_content,wrap_content,,,,,
option,READ_PHONE_STATE,wrap_content,wrap_content,,,,,
option,ACCESS_NETWORK_STATE,wrap_content,wrap_content,,,,,
option,INTERNET,wrap_content,wrap_content,,,,,
sound,WAKE_LOCK,wrap_content,wrap_content,,,,,
button_return,CAMERA,,,,,,,
share_to_weibo_button,VIBRATE,0.0dip,wrap_content,,@string/share_to_weibo,,,
share_to_weibo_button,ACCESS_FINE_LOCATION,0.0dip,wrap_content,,@string/share_to_weibo,,,
share_to_weibo_button,ACCESS_NETWORK_STATE,0.0dip,wrap_content,,@string/share_to_weibo,,,
share_to_weibo_button,ACCESS_WIFI_STATE,0.0dip,wrap_content,,@string/share_to_weibo,,,
share_to_weibo_button,READ_PHONE_STATE,0.0dip,wrap_content,,@string/share_to_weibo,,,
share_to_weibo_button,INTERNET,0.0dip,wrap_content,,@string/share_to_weibo,,,
more_works,GET_TASKS,,,,,,,
more_works,VIBRATE,,,,,,,
more_works,BROADCAST_STICKY,,,,,,,
more_works,ACCESS_FINE_LOCATION,,,,,,,
more_works,ACCESS_NETWORK_STATE,,,,,,,
more_works,ACCESS_WIFI_STATE,,,,,,,
more_works,INTERNET,,,,,,,
label_max_frame_count,VIBRATE,wrap_content,wrap_content,@color/white,@string/max_capture_time,18.0dip,,
label_max_frame_count,ACCESS_FINE_LOCATION,wrap_content,wrap_content,@color/white,@string/max_capture_time,18.0dip,,
label_max_frame_count,ACCESS_NETWORK_STATE,wrap_content,wrap_content,@color/white,@string/max_capture_time,18.0dip,,
label_max_frame_count,ACCESS_WIFI_STATE,wrap_content,wrap_content,@color/white,@string/max_capture_time,18.0dip,,
label_max_frame_count,READ_PHONE_STATE,wrap_content,wrap_content,@color/white,@string/max_capture_time,18.0dip,,
label_max_frame_count,INTERNET,wrap_content,wrap_content,@color/white,@string/max_capture_time,18.0dip,,
img_game_bgmusic,WAKE_LOCK,wrap_content,wrap_content,,,,s *HR,
img_game_sound,WAKE_LOCK,wrap_content,wrap_content,,,,"""O *Sht",
buttonBuy,GET_ACCOUNTS,wrap_content,wrap_content,,,,,
buttonBuy,VIBRATE,wrap_content,wrap_content,,,,,
buttonBuy,BROADCAST_STICKY,wrap_content,wrap_content,,,,,
buttonBuy,ACCESS_FINE_LOCATION,wrap_content,wrap_content,,,,,
buttonBuy,WAKE_LOCK,wrap_content,wrap_content,,,,,
buttonBuy,ACCESS_NETWORK_STATE,wrap_content,wrap_content,,,,,
buttonBuy,WAKE_LOCK,wrap_content,wrap_content,,,,,
buttonBuy,READ_PHONE_STATE,wrap_content,wrap_content,,,,,
buttonBuy,INTERNET,wrap_content,wrap_content,,,,,
fbBroadcastButtonSend,GET_ACCOUNTS,wrap_content,wrap_content,,@string/casual_broadcast_post_button,,,f
fbBroadcastButtonSend,VIBRATE,wrap_content,wrap_content,,@string/casual_broadcast_post_button,,,f
fbBroadcastButtonSend,BROADCAST_STICKY,wrap_content,wrap_content,,@string/casual_broadcast_post_button,,,f
fbBroadcastButtonSend,ACCESS_FINE_LOCATION,wrap_content,wrap_content,,@string/casual_broadcast_post_button,,,f
fbBroadcastButtonSend,WAKE_LOCK,wrap_content,wrap_content,,@string/casual_broadcast_post_button,,,f
fbBroadcastButtonSend,ACCESS_NETWORK_STATE,wrap_content,wrap_content,,@string/casual_broadcast_post_button,,,f
fbBroadcastButtonSend,WAKE_LOCK,wrap_content,wrap_content,,@string/casual_broadcast_post_button,,,f
fbBroadcastButtonSend,READ_PHONE_STATE,wrap_content,wrap_content,,@string/casual_broadcast_post_button,,,f
fbBroadcastButtonSend,INTERNET,wrap_content,wrap_content,,@string/casual_broadcast_post_button,,,f
gridTutoTitle,WAKE_LOCK,wrap_content,wrap_content,#ffffffff,TextView,20.0sp,,
iconWishlist,WAKE_LOCK,wrap_content,wrap_content,,,,,
iconWishlist,INTERNET,wrap_content,wrap_content,,,,,
newtutoNext,VIBRATE,wrap_content,wrap_content,,,,,
newtutoNext,BROADCAST_STICKY,wrap_content,wrap_content,,,,,
newtutoNext,ACCESS_FINE_LOCATION,wrap_content,wrap_content,,,,,
newtutoNext,WAKE_LOCK,wrap_content,wrap_content,,,,,
newtutoNext,ACCESS_NETWORK_STATE,wrap_content,wrap_content,,,,,
newtutoNext,WAKE_LOCK,wrap_content,wrap_content,,,,,
newtutoNext,READ_PHONE_STATE,wrap_content,wrap_content,,,,,
newtutoNext,INTERNET,wrap_content,wrap_content,,,,,
shopPopupUnit,WAKE_LOCK,26.0dip,26.0dip,,,,(M,
notEnoughCristalsLayout,VIBRATE,wrap_content,wrap_content,#ffffffff,@string/shop_buy_popup_buy_more_button,19.0dip,,
notEnoughCristalsLayout,BROADCAST_STICKY,wrap_content,wrap_content,#ffffffff,@string/shop_buy_popup_buy_more_button,19.0dip,,
notEnoughCristalsLayout,ACCESS_FINE_LOCATION,wrap_content,wrap_content,#ffffffff,@string/shop_buy_popup_buy_more_button,19.0dip,,
notEnoughCristalsLayout,WAKE_LOCK,wrap_content,wrap_content,#ffffffff,@string/shop_buy_popup_buy_more_button,19.0dip,,
notEnoughCristalsLayout,ACCESS_NETWORK_STATE,wrap_content,wrap_content,#ffffffff,@string/shop_buy_popup_buy_more_button,19.0dip,,
notEnoughCristalsLayout,WAKE_LOCK,wrap_content,wrap_content,#ffffffff,@string/shop_buy_popup_buy_more_button,19.0dip,,
notEnoughCristalsLayout,READ_PHONE_STATE,wrap_content,wrap_content,#ffffffff,@string/shop_buy_popup_buy_more_button,19.0dip,,
notEnoughCristalsLayout,INTERNET,wrap_content,wrap_content,#ffffffff,@string/shop_buy_popup_buy_more_button,19.0dip,,
notEnoughMobDollsLayout,VIBRATE,wrap_content,wrap_content,#ffffffff,@string/shop_buy_popup_buy_more_button,19.0dip,M,
notEnoughMobDollsLayout,BROADCAST_STICKY,wrap_content,wrap_content,#ffffffff,@string/shop_buy_popup_buy_more_button,19.0dip,M,
notEnoughMobDollsLayout,ACCESS_FINE_LOCATION,wrap_content,wrap_content,#ffffffff,@string/shop_buy_popup_buy_more_button,19.0dip,M,
notEnoughMobDollsLayout,WAKE_LOCK,wrap_content,wrap_content,#ffffffff,@string/shop_buy_popup_buy_more_button,19.0dip,M,
notEnoughMobDollsLayout,ACCESS_NETWORK_STATE,wrap_content,wrap_content,#ffffffff,@string/shop_buy_popup_buy_more_button,19.0dip,M,
notEnoughMobDollsLayout,WAKE_LOCK,wrap_content,wrap_content,#ffffffff,@string/shop_buy_popup_buy_more_button,19.0dip,M,
notEnoughMobDollsLayout,READ_PHONE_STATE,wrap_content,wrap_content,#ffffffff,@string/shop_buy_popup_buy_more_button,19.0dip,M,
notEnoughMobDollsLayout,INTERNET,wrap_content,wrap_content,#ffffffff,@string/shop_buy_popup_buy_more_button,19.0dip,M,
download,GET_ACCOUNTS,185.0dip,wrap_content,,Download,,,
download,VIBRATE,185.0dip,wrap_content,,Download,,,
download,BROADCAST_STICKY,185.0dip,wrap_content,,Download,,,
download,ACCESS_FINE_LOCATION,185.0dip,wrap_content,,Download,,,
download,WAKE_LOCK,185.0dip,wrap_content,,Download,,,
download,ACCESS_NETWORK_STATE,185.0dip,wrap_content,,Download,,,
download,WAKE_LOCK,185.0dip,wrap_content,,Download,,,
download,READ_PHONE_STATE,185.0dip,wrap_content,,Download,,,
download,INTERNET,185.0dip,wrap_content,,Download,,,
shopWallCristalLayout,VIBRATE,,,,,,,
shopWallCristalLayout,BROADCAST_STICKY,,,,,,,
shopWallCristalLayout,ACCESS_FINE_LOCATION,,,,,,,
shopWallCristalLayout,WAKE_LOCK,,,,,,,
shopWallCristalLayout,ACCESS_NETWORK_STATE,,,,,,,
shopWallCristalLayout,WAKE_LOCK,,,,,,,
shopWallCristalLayout,READ_PHONE_STATE,,,,,,,
shopWallCristalLayout,INTERNET,,,,,,,
shopWallMobbDollsLayout,VIBRATE,,,,,,,
shopWallMobbDollsLayout,BROADCAST_STICKY,,,,,,,
shopWallMobbDollsLayout,ACCESS_FINE_LOCATION,,,,,,,
shopWallMobbDollsLayout,WAKE_LOCK,,,,,,,
shopWallMobbDollsLayout,ACCESS_NETWORK_STATE,,,,,,,
shopWallMobbDollsLayout,WAKE_LOCK,,,,,,,
shopWallMobbDollsLayout,READ_PHONE_STATE,,,,,,,
shopWallMobbDollsLayout,INTERNET,,,,,,,
signupWithoutFB,GET_ACCOUNTS,wrap_content,wrap_content,#ffffffff,@string/signup_button_classic,20.0sp,,
signupWithFB,GET_ACCOUNTS,wrap_content,wrap_content,#ffffffff,@string/signup_button_fb,16.0sp,,f
backbtn_dialog,WAKE_LOCK,wrap_content,wrap_content,,,,,
restartbtn_dialog,WAKE_LOCK,wrap_content,wrap_content,,,,,
diandong_AD,BROADCAST_STICKY,fill_parent,wrap_content,,,,,
play,BROADCAST_STICKY,wrap_content,wrap_content,,,,,
levelplaybt,GET_TASKS,wrap_content,wrap_content,,,,,
levelplaybt,VIBRATE,wrap_content,wrap_content,,,,,
levelplaybt,BROADCAST_STICKY,wrap_content,wrap_content,,,,,
levelplaybt,ACCESS_FINE_LOCATION,wrap_content,wrap_content,,,,,
levelplaybt,ACCESS_COARSE_LOCATION,wrap_content,wrap_content,,,,,
levelplaybt,ACCESS_FINE_LOCATION,wrap_content,wrap_content,,,,,
levelplaybt,WAKE_LOCK,wrap_content,wrap_content,,,,,
levelplaybt,ACCESS_NETWORK_STATE,wrap_content,wrap_content,,,,,
levelplaybt,ACCESS_WIFI_STATE,wrap_content,wrap_content,,,,,
levelplaybt,ACCESS_FINE_LOCATION,wrap_content,wrap_content,,,,,
levelplaybt,READ_PHONE_STATE,wrap_content,wrap_content,,,,,
levelplaybt,ACCESS_NETWORK_STATE,wrap_content,wrap_content,,,,,
levelplaybt,ACCESS_FINE_LOCATION,wrap_content,wrap_content,,,,,
levelplaybt,WAKE_LOCK,wrap_content,wrap_content,,,,,
levelplaybt,INTERNET,wrap_content,wrap_content,,,,,
play_aboutbtn,GET_TASKS,wrap_content,wrap_content,,,,1,
play_aboutbtn,VIBRATE,wrap_content,wrap_content,,,,1,
play_aboutbtn,BLUETOOTH,wrap_content,wrap_content,,,,1,
play_aboutbtn,BROADCAST_STICKY,wrap_content,wrap_content,,,,1,
play_aboutbtn,ACCESS_FINE_LOCATION,wrap_content,wrap_content,,,,1,
play_aboutbtn,ACCESS_COARSE_LOCATION,wrap_content,wrap_content,,,,1,
play_aboutbtn,ACCESS_FINE_LOCATION,wrap_content,wrap_content,,,,1,
play_aboutbtn,BLUETOOTH,wrap_content,wrap_content,,,,1,
play_aboutbtn,WAKE_LOCK,wrap_content,wrap_content,,,,1,
play_aboutbtn,ACCESS_NETWORK_STATE,wrap_content,wrap_content,,,,1,
play_aboutbtn,ACCESS_WIFI_STATE,wrap_content,wrap_content,,,,1,
play_aboutbtn,CHANGE_WIFI_STATE,wrap_content,wrap_content,,,,1,
play_aboutbtn,ACCESS_WIFI_STATE,wrap_content,wrap_content,,,,1,
play_aboutbtn,READ_HISTORY_BOOKMARKS,wrap_content,wrap_content,,,,1,
play_aboutbtn,ACCESS_FINE_LOCATION,wrap_content,wrap_content,,,,1,
play_aboutbtn,ACCESS_NETWORK_STATE,wrap_content,wrap_content,,,,1,
play_aboutbtn,READ_PHONE_STATE,wrap_content,wrap_content,,,,1,
play_aboutbtn,ACCESS_NETWORK_STATE,wrap_content,wrap_content,,,,1,
play_aboutbtn,ACCESS_FINE_LOCATION,wrap_content,wrap_content,,,,1,
play_aboutbtn,READ_PHONE_STATE,wrap_content,wrap_content,,,,1,
play_aboutbtn,WAKE_LOCK,wrap_content,wrap_content,,,,1,
play_aboutbtn,INTERNET,wrap_content,wrap_content,,,,1,
button_refresh,VIBRATE,75.0dip,fill_parent,@drawable/black,@string/refresh,14.0sp,,
button_refresh,BROADCAST_STICKY,75.0dip,fill_parent,@drawable/black,@string/refresh,14.0sp,,
button_refresh,ACCESS_FINE_LOCATION,75.0dip,fill_parent,@drawable/black,@string/refresh,14.0sp,,
button_refresh,ACCESS_COARSE_LOCATION,75.0dip,fill_parent,@drawable/black,@string/refresh,14.0sp,,
button_refresh,ACCESS_FINE_LOCATION,75.0dip,fill_parent,@drawable/black,@string/refresh,14.0sp,,
button_refresh,WAKE_LOCK,75.0dip,fill_parent,@drawable/black,@string/refresh,14.0sp,,
button_refresh,ACCESS_NETWORK_STATE,75.0dip,fill_parent,@drawable/black,@string/refresh,14.0sp,,
button_refresh,ACCESS_WIFI_STATE,75.0dip,fill_parent,@drawable/black,@string/refresh,14.0sp,,
button_refresh,ACCESS_FINE_LOCATION,75.0dip,fill_parent,@drawable/black,@string/refresh,14.0sp,,
button_refresh,READ_PHONE_STATE,75.0dip,fill_parent,@drawable/black,@string/refresh,14.0sp,,
button_refresh,ACCESS_NETWORK_STATE,75.0dip,fill_parent,@drawable/black,@string/refresh,14.0sp,,
button_refresh,INTERNET,75.0dip,fill_parent,@drawable/black,@string/refresh,14.0sp,,
button_refresh,VIBRATE,,,,,,,
button_refresh,BROADCAST_STICKY,,,,,,,
button_refresh,ACCESS_FINE_LOCATION,,,,,,,
button_refresh,WAKE_LOCK,,,,,,,
button_refresh,ACCESS_NETWORK_STATE,,,,,,,
button_refresh,ACCESS_WIFI_STATE,,,,,,,
button_refresh,ACCESS_FINE_LOCATION,,,,,,,
button_refresh,READ_PHONE_STATE,,,,,,,
button_refresh,ACCESS_NETWORK_STATE,,,,,,,
button_refresh,INTERNET,,,,,,,
button_clearall,GET_ACCOUNTS,0.0dip,45.0dip,@drawable/black,@string/clear_all,20.0sp,,
main,KILL_BACKGROUND_PROCESSES,wrap_content,wrap_content,,,,,
cpu_used,GET_ACCOUNTS,wrap_content,wrap_content,@color/blue2,,12.0sp,,
cpu_used,BLUETOOTH_ADMIN,wrap_content,wrap_content,@color/blue2,,12.0sp,,
cpu_used,READ_SYNC_SETTINGS,wrap_content,wrap_content,@color/blue2,,12.0sp,,
cpu_used,WRITE_SYNC_SETTINGS,wrap_content,wrap_content,@color/blue2,,12.0sp,,
cpu_used,CHANGE_WIFI_STATE,wrap_content,wrap_content,@color/blue2,,12.0sp,,
cpu_used,WRITE_SETTINGS,wrap_content,wrap_content,@color/blue2,,12.0sp,,
cpu_used,GET_ACCOUNTS,wrap_content,wrap_content,@color/blue2,,12.0sp,,
cpu_used,READ_SYNC_SETTINGS,wrap_content,wrap_content,@color/blue2,,12.0sp,,
cpu_used,WRITE_SYNC_SETTINGS,wrap_content,wrap_content,@color/blue2,,12.0sp,,
cpu_used,GET_ACCOUNTS,wrap_content,wrap_content,@color/blue2,,12.0sp,,
cpu_used,READ_SYNC_SETTINGS,wrap_content,wrap_content,@color/blue2,,12.0sp,,
cpu_used,WRITE_SYNC_SETTINGS,wrap_content,wrap_content,@color/blue2,,12.0sp,,
cpu_used,BLUETOOTH_ADMIN,wrap_content,wrap_content,@color/blue2,,12.0sp,,
cpu_used,WRITE_SETTINGS,wrap_content,wrap_content,@color/blue2,,12.0sp,,
cpu_used,CHANGE_WIFI_STATE,wrap_content,wrap_content,@color/blue2,,12.0sp,,
cpu_used,BLUETOOTH,wrap_content,wrap_content,@color/blue2,,12.0sp,,
cpu_used,WAKE_LOCK,wrap_content,wrap_content,@color/blue2,,12.0sp,,
cpu_used,GET_ACCOUNTS,wrap_content,wrap_content,@color/blue2,,12.0sp,,
cpu_used,GET_TASKS,wrap_content,wrap_content,@color/blue2,,12.0sp,,
cpu_used,VIBRATE,wrap_content,wrap_content,@color/blue2,,12.0sp,,
cpu_used,BLUETOOTH_ADMIN,wrap_content,wrap_content,@color/blue2,,12.0sp,,
cpu_used,READ_SYNC_SETTINGS,wrap_content,wrap_content,@color/blue2,,12.0sp,,
cpu_used,WRITE_SYNC_SETTINGS,wrap_content,wrap_content,@color/blue2,,12.0sp,,
cpu_used,BROADCAST_STICKY,wrap_content,wrap_content,@color/blue2,,12.0sp,,
cpu_used,ACCESS_FINE_LOCATION,wrap_content,wrap_content,@color/blue2,,12.0sp,,
cpu_used,ACCESS_COARSE_LOCATION,wrap_content,wrap_content,@color/blue2,,12.0sp,,
cpu_used,ACCESS_FINE_LOCATION,wrap_content,wrap_content,@color/blue2,,12.0sp,,
cpu_used,BLUETOOTH,wrap_content,wrap_content,@color/blue2,,12.0sp,,
cpu_used,WAKE_LOCK,wrap_content,wrap_content,@color/blue2,,12.0sp,,
cpu_used,ACCESS_NETWORK_STATE,wrap_content,wrap_content,@color/blue2,,12.0sp,,
cpu_used,ACCESS_WIFI_STATE,wrap_content,wrap_content,@color/blue2,,12.0sp,,
cpu_used,CHANGE_WIFI_STATE,wrap_content,wrap_content,@color/blue2,,12.0sp,,
cpu_used,ACCESS_WIFI_STATE,wrap_content,wrap_content,@color/blue2,,12.0sp,,
cpu_used,READ_HISTORY_BOOKMARKS,wrap_content,wrap_content,@color/blue2,,12.0sp,,
cpu_used,WRITE_SETTINGS,wrap_content,wrap_content,@color/blue2,,12.0sp,,
cpu_used,ACCESS_FINE_LOCATION,wrap_content,wrap_content,@color/blue2,,12.0sp,,
cpu_used,ACCESS_NETWORK_STATE,wrap_content,wrap_content,@color/blue2,,12.0sp,,
cpu_used,READ_PHONE_STATE,wrap_content,wrap_content,@color/blue2,,12.0sp,,
cpu_used,ACCESS_NETWORK_STATE,wrap_content,wrap_content,@color/blue2,,12.0sp,,
cpu_used,WAKE_LOCK,wrap_content,wrap_content,@color/blue2,,12.0sp,,
cpu_used,INTERNET,wrap_content,wrap_content,@color/blue2,,12.0sp,,
button_memory_more,READ_PHONE_STATE,0.0dip,wrap_content,@drawable/black,@string/memory_more,14.0sp,,
button_memory_more,ACCESS_NETWORK_STATE,0.0dip,wrap_content,@drawable/black,@string/memory_more,14.0sp,,
button_scanner,VIBRATE,,,,,,,
button_scanner,BROADCAST_STICKY,,,,,,,
button_scanner,ACCESS_FINE_LOCATION,,,,,,,
button_scanner,ACCESS_NETWORK_STATE,,,,,,,
button_scanner,ACCESS_WIFI_STATE,,,,,,,
button_scanner,ACCESS_FINE_LOCATION,,,,,,,
button_scanner,READ_PHONE_STATE,,,,,,,
button_scanner,ACCESS_NETWORK_STATE,,,,,,,
button_scanner,INTERNET,,,,,,,
backupbutton,VIBRATE,0.0dip,fill_parent,@drawable/black,@string/back_up_all,13.0sp,,
backupbutton,BROADCAST_STICKY,0.0dip,fill_parent,@drawable/black,@string/back_up_all,13.0sp,,
backupbutton,ACCESS_FINE_LOCATION,0.0dip,fill_parent,@drawable/black,@string/back_up_all,13.0sp,,
backupbutton,WAKE_LOCK,0.0dip,fill_parent,@drawable/black,@string/back_up_all,13.0sp,,
backupbutton,ACCESS_NETWORK_STATE,0.0dip,fill_parent,@drawable/black,@string/back_up_all,13.0sp,,
backupbutton,ACCESS_WIFI_STATE,0.0dip,fill_parent,@drawable/black,@string/back_up_all,13.0sp,,
backupbutton,ACCESS_FINE_LOCATION,0.0dip,fill_parent,@drawable/black,@string/back_up_all,13.0sp,,
backupbutton,READ_PHONE_STATE,0.0dip,fill_parent,@drawable/black,@string/back_up_all,13.0sp,,
backupbutton,ACCESS_NETWORK_STATE,0.0dip,fill_parent,@drawable/black,@string/back_up_all,13.0sp,,
backupbutton,INTERNET,0.0dip,fill_parent,@drawable/black,@string/back_up_all,13.0sp,,
button_apk,VIBRATE,,,,,,,
button_apk,BROADCAST_STICKY,,,,,,,
button_apk,ACCESS_FINE_LOCATION,,,,,,,
button_apk,ACCESS_NETWORK_STATE,,,,,,,
button_apk,ACCESS_WIFI_STATE,,,,,,,
button_apk,ACCESS_FINE_LOCATION,,,,,,,
button_apk,READ_PHONE_STATE,,,,,,,
button_apk,ACCESS_NETWORK_STATE,,,,,,,
button_apk,INTERNET,,,,,,,
button_music,VIBRATE,,,,,,,
button_music,BROADCAST_STICKY,,,,,,,
button_music,ACCESS_FINE_LOCATION,,,,,,,
button_music,ACCESS_NETWORK_STATE,,,,,,,
button_music,ACCESS_WIFI_STATE,,,,,,,
button_music,ACCESS_FINE_LOCATION,,,,,,,
button_music,READ_PHONE_STATE,,,,,,,
button_music,ACCESS_NETWORK_STATE,,,,,,,
button_music,INTERNET,,,,,,,
button_video,VIBRATE,,,,,,,
button_video,BROADCAST_STICKY,,,,,,,
button_video,ACCESS_FINE_LOCATION,,,,,,,
button_video,ACCESS_NETWORK_STATE,,,,,,,
button_video,ACCESS_WIFI_STATE,,,,,,,
button_video,ACCESS_FINE_LOCATION,,,,,,,
button_video,READ_PHONE_STATE,,,,,,,
button_video,ACCESS_NETWORK_STATE,,,,,,,
button_video,INTERNET,,,,,,,
button_image,VIBRATE,,,,,,,
button_image,BROADCAST_STICKY,,,,,,,
button_image,ACCESS_FINE_LOCATION,,,,,,,
button_image,ACCESS_NETWORK_STATE,,,,,,,
button_image,ACCESS_WIFI_STATE,,,,,,,
button_image,ACCESS_FINE_LOCATION,,,,,,,
button_image,READ_PHONE_STATE,,,,,,,
button_image,ACCESS_NETWORK_STATE,,,,,,,
button_image,INTERNET,,,,,,,
descr_view,GET_ACCOUNTS,fill_parent,wrap_content,#ffffffff,,14.0sp,,
descr_view,GET_TASKS,fill_parent,wrap_content,#ffffffff,,14.0sp,,
descr_view,VIBRATE,fill_parent,wrap_content,#ffffffff,,14.0sp,,
descr_view,BLUETOOTH_ADMIN,fill_parent,wrap_content,#ffffffff,,14.0sp,,
descr_view,READ_SYNC_SETTINGS,fill_parent,wrap_content,#ffffffff,,14.0sp,,
descr_view,WRITE_SYNC_SETTINGS,fill_parent,wrap_content,#ffffffff,,14.0sp,,
descr_view,BROADCAST_STICKY,fill_parent,wrap_content,#ffffffff,,14.0sp,,
descr_view,ACCESS_FINE_LOCATION,fill_parent,wrap_content,#ffffffff,,14.0sp,,
descr_view,ACCESS_COARSE_LOCATION,fill_parent,wrap_content,#ffffffff,,14.0sp,,
descr_view,ACCESS_FINE_LOCATION,fill_parent,wrap_content,#ffffffff,,14.0sp,,
descr_view,BLUETOOTH,fill_parent,wrap_content,#ffffffff,,14.0sp,,
descr_view,WAKE_LOCK,fill_parent,wrap_content,#ffffffff,,14.0sp,,
descr_view,ACCESS_NETWORK_STATE,fill_parent,wrap_content,#ffffffff,,14.0sp,,
descr_view,ACCESS_WIFI_STATE,fill_parent,wrap_content,#ffffffff,,14.0sp,,
descr_view,CHANGE_WIFI_STATE,fill_parent,wrap_content,#ffffffff,,14.0sp,,
descr_view,ACCESS_WIFI_STATE,fill_parent,wrap_content,#ffffffff,,14.0sp,,
descr_view,READ_HISTORY_BOOKMARKS,fill_parent,wrap_content,#ffffffff,,14.0sp,,
descr_view,WRITE_SETTINGS,fill_parent,wrap_content,#ffffffff,,14.0sp,,
descr_view,ACCESS_FINE_LOCATION,fill_parent,wrap_content,#ffffffff,,14.0sp,,
descr_view,ACCESS_NETWORK_STATE,fill_parent,wrap_content,#ffffffff,,14.0sp,,
descr_view,READ_PHONE_STATE,fill_parent,wrap_content,#ffffffff,,14.0sp,,
descr_view,ACCESS_NETWORK_STATE,fill_parent,wrap_content,#ffffffff,,14.0sp,,
descr_view,WAKE_LOCK,fill_parent,wrap_content,#ffffffff,,14.0sp,,
descr_view,INTERNET,fill_parent,wrap_content,#ffffffff,,14.0sp,,
link,WRITE_SETTINGS,fill_parent,,,,,,
clicable_right,GET_ACCOUNTS,wrap_content,wrap_content,,,,,
clicable_right,BLUETOOTH_ADMIN,wrap_content,wrap_content,,,,,
clicable_right,READ_SYNC_SETTINGS,wrap_content,wrap_content,,,,,
clicable_right,WRITE_SYNC_SETTINGS,wrap_content,wrap_content,,,,,
clicable_right,BLUETOOTH,wrap_content,wrap_content,,,,,
clicable_right,ACCESS_NETWORK_STATE,wrap_content,wrap_content,,,,,
clicable_right,CHANGE_WIFI_STATE,wrap_content,wrap_content,,,,,
clicable_right,WRITE_SETTINGS,wrap_content,wrap_content,,,,,
clicable_right,GET_ACCOUNTS,wrap_content,wrap_content,,,,,
clicable_right,BLUETOOTH_ADMIN,wrap_content,wrap_content,,,,,
clicable_right,READ_SYNC_SETTINGS,wrap_content,wrap_content,,,,,
clicable_right,WRITE_SYNC_SETTINGS,wrap_content,wrap_content,,,,,
clicable_right,BLUETOOTH,wrap_content,wrap_content,,,,,
clicable_right,ACCESS_NETWORK_STATE,wrap_content,wrap_content,,,,,
clicable_right,CHANGE_WIFI_STATE,wrap_content,wrap_content,,,,,
clicable_right,WRITE_SETTINGS,wrap_content,wrap_content,,,,,
switchable_slider_view,GET_ACCOUNTS,wrap_content,wrap_content,,,,,
switchable_slider_view,BLUETOOTH_ADMIN,wrap_content,wrap_content,,,,,
switchable_slider_view,READ_SYNC_SETTINGS,wrap_content,wrap_content,,,,,
switchable_slider_view,WRITE_SYNC_SETTINGS,wrap_content,wrap_content,,,,,
switchable_slider_view,BLUETOOTH,wrap_content,wrap_content,,,,,
switchable_slider_view,ACCESS_NETWORK_STATE,wrap_content,wrap_content,,,,,
switchable_slider_view,CHANGE_WIFI_STATE,wrap_content,wrap_content,,,,,
switchable_slider_view,WRITE_SETTINGS,wrap_content,wrap_content,,,,,
plug_item_iv,GET_TASKS,wrap_content,wrap_content,,,,,
plug_item_iv,VIBRATE,wrap_content,wrap_content,,,,,
plug_item_iv,BROADCAST_STICKY,wrap_content,wrap_content,,,,,
plug_item_iv,ACCESS_FINE_LOCATION,wrap_content,wrap_content,,,,,
plug_item_iv,WAKE_LOCK,wrap_content,wrap_content,,,,,
plug_item_iv,ACCESS_NETWORK_STATE,wrap_content,wrap_content,,,,,
plug_item_iv,ACCESS_WIFI_STATE,wrap_content,wrap_content,,,,,
plug_item_iv,ACCESS_NETWORK_STATE,wrap_content,wrap_content,,,,,
plug_item_iv,SEND_SMS,wrap_content,wrap_content,,,,,
plug_item_iv,READ_PHONE_STATE,wrap_content,wrap_content,,,,,
plug_item_iv,INTERNET,wrap_content,wrap_content,,,,,
body,ACCESS_NETWORK_STATE,wrap_content,wrap_content,,,,,
body,SEND_SMS,wrap_content,wrap_content,,,,,
topLayout,GET_TASKS,wrap_content,fill_parent,,,,,
topLayout,VIBRATE,wrap_content,fill_parent,,,,,
topLayout,BROADCAST_STICKY,wrap_content,fill_parent,,,,,
topLayout,ACCESS_FINE_LOCATION,wrap_content,fill_parent,,,,,
topLayout,WAKE_LOCK,wrap_content,fill_parent,,,,,
topLayout,ACCESS_NETWORK_STATE,wrap_content,fill_parent,,,,,
topLayout,ACCESS_WIFI_STATE,wrap_content,fill_parent,,,,,
topLayout,WRITE_SETTINGS,wrap_content,fill_parent,,,,,
topLayout,READ_PHONE_STATE,wrap_content,fill_parent,,,,,
topLayout,INTERNET,wrap_content,fill_parent,,,,,
topLayout,GET_TASKS,wrap_content,fill_parent,,,,,
topLayout,VIBRATE,wrap_content,fill_parent,,,,,
topLayout,BROADCAST_STICKY,wrap_content,fill_parent,,,,,
topLayout,ACCESS_FINE_LOCATION,wrap_content,fill_parent,,,,,
topLayout,WAKE_LOCK,wrap_content,fill_parent,,,,,
topLayout,ACCESS_NETWORK_STATE,wrap_content,fill_parent,,,,,
topLayout,ACCESS_WIFI_STATE,wrap_content,fill_parent,,,,,
topLayout,WRITE_SETTINGS,wrap_content,fill_parent,,,,,
topLayout,READ_PHONE_STATE,wrap_content,fill_parent,,,,,
topLayout,INTERNET,wrap_content,fill_parent,,,,,
adlayout,GET_TASKS,fill_parent,wrap_content,,,,,
adlayout,VIBRATE,fill_parent,wrap_content,,,,,
adlayout,BROADCAST_STICKY,fill_parent,wrap_content,,,,,
adlayout,ACCESS_FINE_LOCATION,fill_parent,wrap_content,,,,,
adlayout,WAKE_LOCK,fill_parent,wrap_content,,,,,
adlayout,ACCESS_NETWORK_STATE,fill_parent,wrap_content,,,,,
adlayout,ACCESS_WIFI_STATE,fill_parent,wrap_content,,,,,
adlayout,READ_PHONE_STATE,fill_parent,wrap_content,,,,,
adlayout,INTERNET,fill_parent,wrap_content,,,,,
tab2,GET_TASKS,fill_parent,fill_parent,#ffffffff,,14.0dip,,
tab2,VIBRATE,fill_parent,fill_parent,#ffffffff,,14.0dip,,
tab2,BROADCAST_STICKY,fill_parent,fill_parent,#ffffffff,,14.0dip,,
tab2,ACCESS_FINE_LOCATION,fill_parent,fill_parent,#ffffffff,,14.0dip,,
tab2,WAKE_LOCK,fill_parent,fill_parent,#ffffffff,,14.0dip,,
tab2,ACCESS_NETWORK_STATE,fill_parent,fill_parent,#ffffffff,,14.0dip,,
tab2,ACCESS_WIFI_STATE,fill_parent,fill_parent,#ffffffff,,14.0dip,,
tab2,READ_PHONE_STATE,fill_parent,fill_parent,#ffffffff,,14.0dip,,
tab2,INTERNET,fill_parent,fill_parent,#ffffffff,,14.0dip,,
pager,GET_TASKS,fill_parent,0.0dip,,,,,
pager,VIBRATE,fill_parent,0.0dip,,,,,
pager,BROADCAST_STICKY,fill_parent,0.0dip,,,,,
pager,ACCESS_FINE_LOCATION,fill_parent,0.0dip,,,,,
pager,WAKE_LOCK,fill_parent,0.0dip,,,,,
pager,ACCESS_NETWORK_STATE,fill_parent,0.0dip,,,,,
pager,ACCESS_WIFI_STATE,fill_parent,0.0dip,,,,,
pager,READ_PHONE_STATE,fill_parent,0.0dip,,,,,
pager,INTERNET,fill_parent,0.0dip,,,,,
