elemID,permission,layout_width,layout_height,textColor,text,textSize,src_image_text,background_image_text
ClContaint,BROADCAST_STICKY,wrap_content,fill_parent,,,,,
ClContaint,ACCESS_NETWORK_STATE,wrap_content,fill_parent,,,,,
ClContaint,INTERNET,wrap_content,fill_parent,,,,,
ClContaint,BROADCAST_STICKY,fill_parent,165.0dip,,,,,
ClContaint,ACCESS_NETWORK_STATE,fill_parent,165.0dip,,,,,
ClContaint,INTERNET,fill_parent,165.0dip,,,,,
LLContainerUserPhoto,VIBRATE,wrap_content,wrap_content,@color/Black,Upload Your Photo,,,
LLContainerUserPhoto,BROADCAST_STICKY,wrap_content,wrap_content,@color/Black,Upload Your Photo,,,
LLContainerUserPhoto,USE_FINGERPRINT,wrap_content,wrap_content,@color/Black,Upload Your Photo,,,
LLContainerUserPhoto,ACCESS_FINE_LOCATION,wrap_content,wrap_content,@color/Black,Upload Your Photo,,,
LLContainerUserPhoto,ACCESS_COARSE_LOCATION,wrap_content,wrap_content,@color/Black,Upload Your Photo,,,
LLContainerUserPhoto,ACCESS_NETWORK_STATE,wrap_content,wrap_content,@color/Black,Upload Your Photo,,,
LLContainerUserPhoto,INTERNET,wrap_content,wrap_content,@color/Black,Upload Your Photo,,,
LLContaint,BROADCAST_STICKY,fill_parent,1.0px,,,,,
LLContaint,ACCESS_NETWORK_STATE,fill_parent,1.0px,,,,,
LLContaint,INTERNET,fill_parent,1.0px,,,,,
LLEndDate,VIBRATE,25.0dip,25.0dip,,,,,
LLEndDate,BROADCAST_STICKY,25.0dip,25.0dip,,,,,
LLEndDate,USE_FINGERPRINT,25.0dip,25.0dip,,,,,
LLEndDate,ACCESS_FINE_LOCATION,25.0dip,25.0dip,,,,,
LLEndDate,ACCESS_COARSE_LOCATION,25.0dip,25.0dip,,,,,
LLEndDate,ACCESS_NETWORK_STATE,25.0dip,25.0dip,,,,,
LLEndDate,INTERNET,25.0dip,25.0dip,,,,,
LLNavBuy,VIBRATE,,,,,,,
LLNavBuy,BROADCAST_STICKY,,,,,,,
LLNavBuy,USE_FINGERPRINT,,,,,,,
LLNavBuy,ACCESS_FINE_LOCATION,,,,,,,
LLNavBuy,ACCESS_COARSE_LOCATION,,,,,,,
LLNavBuy,ACCESS_NETWORK_STATE,,,,,,,
LLNavBuy,INTERNET,,,,,,,
LLNavFacilities,VIBRATE,,,,,,,
LLNavFacilities,BROADCAST_STICKY,,,,,,,
LLNavFacilities,USE_FINGERPRINT,,,,,,,
LLNavFacilities,ACCESS_FINE_LOCATION,,,,,,,
LLNavFacilities,ACCESS_COARSE_LOCATION,,,,,,,
LLNavFacilities,ACCESS_NETWORK_STATE,,,,,,,
LLNavFacilities,INTERNET,,,,,,,
LLNavMyHealth,VIBRATE,,,,,,,
LLNavMyHealth,BROADCAST_STICKY,,,,,,,
LLNavMyHealth,USE_FINGERPRINT,,,,,,,
LLNavMyHealth,ACCESS_FINE_LOCATION,,,,,,,
LLNavMyHealth,ACCESS_COARSE_LOCATION,,,,,,,
LLNavMyHealth,ACCESS_NETWORK_STATE,,,,,,,
LLNavMyHealth,INTERNET,,,,,,,
LLNavProgrammes,VIBRATE,,,,,,,
LLNavProgrammes,BROADCAST_STICKY,,,,,,,
LLNavProgrammes,USE_FINGERPRINT,,,,,,,
LLNavProgrammes,ACCESS_FINE_LOCATION,,,,,,,
LLNavProgrammes,ACCESS_COARSE_LOCATION,,,,,,,
LLNavProgrammes,ACCESS_NETWORK_STATE,,,,,,,
LLNavProgrammes,INTERNET,,,,,,,
LLRoot,VIBRATE,85.0dip,40.0dip,,,,,
LLRoot,BROADCAST_STICKY,85.0dip,40.0dip,,,,,
LLRoot,USE_FINGERPRINT,85.0dip,40.0dip,,,,,
LLRoot,ACCESS_FINE_LOCATION,85.0dip,40.0dip,,,,,
LLRoot,ACCESS_COARSE_LOCATION,85.0dip,40.0dip,,,,,
LLRoot,ACCESS_NETWORK_STATE,85.0dip,40.0dip,,,,,
LLRoot,INTERNET,85.0dip,40.0dip,,,,,
LLRul,INTERNET,wrap_content,wrap_content,@color/Black,@string/results_regulation,@dimen/textMediumLeast,,
LLStartDate,VIBRATE,25.0dip,25.0dip,,,,,
LLStartDate,BROADCAST_STICKY,25.0dip,25.0dip,,,,,
LLStartDate,USE_FINGERPRINT,25.0dip,25.0dip,,,,,
LLStartDate,ACCESS_FINE_LOCATION,25.0dip,25.0dip,,,,,
LLStartDate,ACCESS_COARSE_LOCATION,25.0dip,25.0dip,,,,,
LLStartDate,ACCESS_NETWORK_STATE,25.0dip,25.0dip,,,,,
LLStartDate,INTERNET,25.0dip,25.0dip,,,,,
LLStartDate,VIBRATE,25.0dip,25.0dip,,,,,
LLStartDate,BROADCAST_STICKY,25.0dip,25.0dip,,,,,
LLStartDate,USE_FINGERPRINT,25.0dip,25.0dip,,,,,
LLStartDate,ACCESS_FINE_LOCATION,25.0dip,25.0dip,,,,,
LLStartDate,ACCESS_COARSE_LOCATION,25.0dip,25.0dip,,,,,
LLStartDate,ACCESS_NETWORK_STATE,25.0dip,25.0dip,,,,,
LLStartDate,INTERNET,25.0dip,25.0dip,,,,,
LLaddMemberLable,BROADCAST_STICKY,fill_parent,wrap_content,@color/Black,@string/add_member,@dimen/textMediumLeast,,
LLaddMemberLable,ACCESS_NETWORK_STATE,fill_parent,wrap_content,@color/Black,@string/add_member,@dimen/textMediumLeast,,
LLaddMemberLable,INTERNET,fill_parent,wrap_content,@color/Black,@string/add_member,@dimen/textMediumLeast,,
LLayout,BROADCAST_STICKY,wrap_content,wrap_content,,,,,
LLayout,ACCESS_NETWORK_STATE,wrap_content,wrap_content,,,,,
LLayout,INTERNET,wrap_content,wrap_content,,,,,
bigCard,BROADCAST_STICKY,fill_parent,wrap_content,,,,,
bigCard,ACCESS_NETWORK_STATE,fill_parent,wrap_content,,,,,
bigCard,INTERNET,fill_parent,wrap_content,,,,,
btn,BROADCAST_STICKY,fill_parent,45.0dip,@color/white,,@dimen/textMedium,,
btn,ACCESS_FINE_LOCATION,fill_parent,45.0dip,@color/white,,@dimen/textMedium,,
btn,ACCESS_NETWORK_STATE,fill_parent,45.0dip,@color/white,,@dimen/textMedium,,
btn,INTERNET,fill_parent,45.0dip,@color/white,,@dimen/textMedium,,
btnAdd,INTERNET,fill_parent,50.0dip,@color/white,@string/add,18.0sp,,
btnAddMember,BROADCAST_STICKY,fill_parent,wrap_content,@color/Black,@string/add_member,,,
btnAddMember,INTERNET,fill_parent,wrap_content,@color/Black,@string/add_member,,,
btnApply,VIBRATE,90.0dip,wrap_content,,APPLY,15.0sp,,
btnApply,BROADCAST_STICKY,90.0dip,wrap_content,,APPLY,15.0sp,,
btnApply,USE_FINGERPRINT,90.0dip,wrap_content,,APPLY,15.0sp,,
btnApply,ACCESS_COARSE_LOCATION,90.0dip,wrap_content,,APPLY,15.0sp,,
btnApply,ACCESS_NETWORK_STATE,90.0dip,wrap_content,,APPLY,15.0sp,,
btnBack,VIBRATE,wrap_content,40.0dip,@color/white,Confirm,,,
btnBack,BROADCAST_STICKY,wrap_content,40.0dip,@color/white,Confirm,,,
btnBack,USE_FINGERPRINT,wrap_content,40.0dip,@color/white,Confirm,,,
btnBack,ACCESS_FINE_LOCATION,wrap_content,40.0dip,@color/white,Confirm,,,
btnBack,ACCESS_COARSE_LOCATION,wrap_content,40.0dip,@color/white,Confirm,,,
btnBack,ACCESS_NETWORK_STATE,wrap_content,40.0dip,@color/white,Confirm,,,
btnBack,INTERNET,wrap_content,40.0dip,@color/white,Confirm,,,
btnBack,VIBRATE,wrap_content,40.0dip,@color/Black,@string/back,,,
btnBack,BROADCAST_STICKY,wrap_content,40.0dip,@color/Black,@string/back,,,
btnBack,USE_FINGERPRINT,wrap_content,40.0dip,@color/Black,@string/back,,,
btnBack,ACCESS_FINE_LOCATION,wrap_content,40.0dip,@color/Black,@string/back,,,
btnBack,ACCESS_COARSE_LOCATION,wrap_content,40.0dip,@color/Black,@string/back,,,
btnBack,ACCESS_NETWORK_STATE,wrap_content,40.0dip,@color/Black,@string/back,,,
btnBack,INTERNET,wrap_content,40.0dip,@color/Black,@string/back,,,
btnBack,VIBRATE,wrap_content,40.0dip,@color/Black,@string/back,,,
btnBack,BROADCAST_STICKY,wrap_content,40.0dip,@color/Black,@string/back,,,
btnBack,USE_FINGERPRINT,wrap_content,40.0dip,@color/Black,@string/back,,,
btnBack,ACCESS_FINE_LOCATION,wrap_content,40.0dip,@color/Black,@string/back,,,
btnBack,ACCESS_COARSE_LOCATION,wrap_content,40.0dip,@color/Black,@string/back,,,
btnBack,ACCESS_NETWORK_STATE,wrap_content,40.0dip,@color/Black,@string/back,,,
btnBack,INTERNET,wrap_content,40.0dip,@color/Black,@string/back,,,
btnCancel,VIBRATE,,,,,,,
btnCancel,ACCESS_FINE_LOCATION,,,,,,,
btnCancel,ACCESS_NETWORK_STATE,,,,,,,
btnCancel,INTERNET,,,,,,,
btnChange,VIBRATE,wrap_content,40.0dip,@color/white,@string/change,,,
btnChange,BROADCAST_STICKY,wrap_content,40.0dip,@color/white,@string/change,,,
btnChange,USE_FINGERPRINT,wrap_content,40.0dip,@color/white,@string/change,,,
btnChange,ACCESS_FINE_LOCATION,wrap_content,40.0dip,@color/white,@string/change,,,
btnChange,ACCESS_COARSE_LOCATION,wrap_content,40.0dip,@color/white,@string/change,,,
btnChange,ACCESS_NETWORK_STATE,wrap_content,40.0dip,@color/white,@string/change,,,
btnChange,INTERNET,wrap_content,40.0dip,@color/white,@string/change,,,
btnChange,VIBRATE,wrap_content,40.0dip,@color/white,@string/change,,,
btnChange,BROADCAST_STICKY,wrap_content,40.0dip,@color/white,@string/change,,,
btnChange,USE_FINGERPRINT,wrap_content,40.0dip,@color/white,@string/change,,,
btnChange,ACCESS_FINE_LOCATION,wrap_content,40.0dip,@color/white,@string/change,,,
btnChange,ACCESS_COARSE_LOCATION,wrap_content,40.0dip,@color/white,@string/change,,,
btnChange,ACCESS_NETWORK_STATE,wrap_content,40.0dip,@color/white,@string/change,,,
btnChange,INTERNET,wrap_content,40.0dip,@color/white,@string/change,,,
btnGo,VIBRATE,wrap_content,40.0dip,@color/Black,@string/set_a_goal,@dimen/textMedium,,
btnGo,BROADCAST_STICKY,wrap_content,40.0dip,@color/Black,@string/set_a_goal,@dimen/textMedium,,
btnGo,USE_FINGERPRINT,wrap_content,40.0dip,@color/Black,@string/set_a_goal,@dimen/textMedium,,
btnGo,ACCESS_FINE_LOCATION,wrap_content,40.0dip,@color/Black,@string/set_a_goal,@dimen/textMedium,,
btnGo,ACCESS_COARSE_LOCATION,wrap_content,40.0dip,@color/Black,@string/set_a_goal,@dimen/textMedium,,
btnGo,ACCESS_NETWORK_STATE,wrap_content,40.0dip,@color/Black,@string/set_a_goal,@dimen/textMedium,,
btnGo,INTERNET,wrap_content,40.0dip,@color/Black,@string/set_a_goal,@dimen/textMedium,,
btnJoin,INTERNET,0.0dip,50.0dip,@color/white,@string/join_team,18.0sp,,
btnJoin,ACCESS_NETWORK_STATE,fill_parent,50.0dip,@color/white,@string/join,18.0sp,,
btnLeaderBoard,ACCESS_NETWORK_STATE,fill_parent,wrap_content,@color/Black,@string/leader_board,,,
btnLeft,VIBRATE,40.0dip,40.0dip,,,,,
btnLeft,BROADCAST_STICKY,40.0dip,40.0dip,,,,,
btnLeft,USE_FINGERPRINT,40.0dip,40.0dip,,,,,
btnLeft,ACCESS_FINE_LOCATION,40.0dip,40.0dip,,,,,
btnLeft,ACCESS_COARSE_LOCATION,40.0dip,40.0dip,,,,,
btnLeft,ACCESS_NETWORK_STATE,40.0dip,40.0dip,,,,,
btnLeft,INTERNET,40.0dip,40.0dip,,,,,
btnNext,VIBRATE,fill_parent,@dimen/input_layout_height,@color/white,@string/ssc_menu_add,@dimen/textMedium,,
btnNext,BROADCAST_STICKY,fill_parent,@dimen/input_layout_height,@color/white,@string/ssc_menu_add,@dimen/textMedium,,
btnNext,USE_FINGERPRINT,fill_parent,@dimen/input_layout_height,@color/white,@string/ssc_menu_add,@dimen/textMedium,,
btnNext,ACCESS_FINE_LOCATION,fill_parent,@dimen/input_layout_height,@color/white,@string/ssc_menu_add,@dimen/textMedium,,
btnNext,ACCESS_COARSE_LOCATION,fill_parent,@dimen/input_layout_height,@color/white,@string/ssc_menu_add,@dimen/textMedium,,
btnNext,INTERNET,fill_parent,@dimen/input_layout_height,@color/white,@string/ssc_menu_add,@dimen/textMedium,,
btnOk,VIBRATE,100.0dip,40.0dip,@color/white,@string/ssc_ok,@dimen/textMediumLeast,,
btnOk,BROADCAST_STICKY,100.0dip,40.0dip,@color/white,@string/ssc_ok,@dimen/textMediumLeast,,
btnOk,USE_FINGERPRINT,100.0dip,40.0dip,@color/white,@string/ssc_ok,@dimen/textMediumLeast,,
btnOk,ACCESS_FINE_LOCATION,100.0dip,40.0dip,@color/white,@string/ssc_ok,@dimen/textMediumLeast,,
btnOk,ACCESS_COARSE_LOCATION,100.0dip,40.0dip,@color/white,@string/ssc_ok,@dimen/textMediumLeast,,
btnOk,ACCESS_NETWORK_STATE,100.0dip,40.0dip,@color/white,@string/ssc_ok,@dimen/textMediumLeast,,
btnOk,INTERNET,100.0dip,40.0dip,@color/white,@string/ssc_ok,@dimen/textMediumLeast,,
btnOk,ACCESS_NETWORK_STATE,wrap_content,40.0dip,@color/white,@string/ok,@dimen/textMedium,,
btnPay,VIBRATE,fill_parent,40.0dip,@color/white,@string/make_payment,,,
btnPay,BROADCAST_STICKY,fill_parent,40.0dip,@color/white,@string/make_payment,,,
btnPay,USE_FINGERPRINT,fill_parent,40.0dip,@color/white,@string/make_payment,,,
btnPay,ACCESS_FINE_LOCATION,fill_parent,40.0dip,@color/white,@string/make_payment,,,
btnPay,ACCESS_COARSE_LOCATION,fill_parent,40.0dip,@color/white,@string/make_payment,,,
btnPay,ACCESS_NETWORK_STATE,fill_parent,40.0dip,@color/white,@string/make_payment,,,
btnPay,INTERNET,fill_parent,40.0dip,@color/white,@string/make_payment,,,
btnPayNets,ACCESS_NETWORK_STATE,fill_parent,wrap_content,@color/Black,NETS,,,
btnPayNets,INTERNET,fill_parent,wrap_content,@color/Black,NETS,,,
btnReset,INTERNET,90.0dip,wrap_content,,RESET,15.0sp,,
btnRight,VIBRATE,40.0dip,40.0dip,,,,,
btnRight,BROADCAST_STICKY,40.0dip,40.0dip,,,,,
btnRight,USE_FINGERPRINT,40.0dip,40.0dip,,,,,
btnRight,ACCESS_FINE_LOCATION,40.0dip,40.0dip,,,,,
btnRight,ACCESS_COARSE_LOCATION,40.0dip,40.0dip,,,,,
btnRight,ACCESS_NETWORK_STATE,40.0dip,40.0dip,,,,,
btnRight,INTERNET,40.0dip,40.0dip,,,,,
btnSave,INTERNET,130.0dip,40.0dip,@color/Black,@string/set_goal,@dimen/textMedium,,
btnScan,VIBRATE,fill_parent,40.0dip,@color/Black,SCAN QR CODE,,,
btnScan,BROADCAST_STICKY,fill_parent,40.0dip,@color/Black,SCAN QR CODE,,,
btnScan,USE_FINGERPRINT,fill_parent,40.0dip,@color/Black,SCAN QR CODE,,,
btnScan,ACCESS_FINE_LOCATION,fill_parent,40.0dip,@color/Black,SCAN QR CODE,,,
btnScan,ACCESS_COARSE_LOCATION,fill_parent,40.0dip,@color/Black,SCAN QR CODE,,,
btnScan,ACCESS_NETWORK_STATE,fill_parent,40.0dip,@color/Black,SCAN QR CODE,,,
btnScan,INTERNET,fill_parent,40.0dip,@color/Black,SCAN QR CODE,,,
btnScan,ACCESS_FINE_LOCATION,fill_parent,45.0dip,@color/white,,@dimen/textMedium,,
btnScan,INTERNET,fill_parent,45.0dip,@color/white,,@dimen/textMedium,,
btnSkip,VIBRATE,fill_parent,50.0dip,@color/Black,@string/ssc_skip,@dimen/textMediumLeast,,
btnSkip,BROADCAST_STICKY,fill_parent,50.0dip,@color/Black,@string/ssc_skip,@dimen/textMediumLeast,,
btnSkip,USE_FINGERPRINT,fill_parent,50.0dip,@color/Black,@string/ssc_skip,@dimen/textMediumLeast,,
btnSkip,ACCESS_FINE_LOCATION,fill_parent,50.0dip,@color/Black,@string/ssc_skip,@dimen/textMediumLeast,,
btnSkip,ACCESS_COARSE_LOCATION,fill_parent,50.0dip,@color/Black,@string/ssc_skip,@dimen/textMediumLeast,,
btnSkip,ACCESS_NETWORK_STATE,fill_parent,50.0dip,@color/Black,@string/ssc_skip,@dimen/textMediumLeast,,
btnSkip,INTERNET,fill_parent,50.0dip,@color/Black,@string/ssc_skip,@dimen/textMediumLeast,,
btnSubmit,INTERNET,fill_parent,wrap_content,,@string/ssc_submit,,,
btnSubmit,BROADCAST_STICKY,fill_parent,wrap_content,@color/white,@string/ssc_submit,,,
btnSubmit,ACCESS_NETWORK_STATE,fill_parent,wrap_content,@color/white,@string/ssc_submit,,,
btnSubmit,INTERNET,fill_parent,wrap_content,@color/white,@string/ssc_submit,,,
btnSubmit,VIBRATE,fill_parent,wrap_content,@color/white,@string/submit,@dimen/textMedium,,
btnSubmit,BROADCAST_STICKY,fill_parent,wrap_content,@color/white,@string/submit,@dimen/textMedium,,
btnSubmit,USE_FINGERPRINT,fill_parent,wrap_content,@color/white,@string/submit,@dimen/textMedium,,
btnSubmit,ACCESS_FINE_LOCATION,fill_parent,wrap_content,@color/white,@string/submit,@dimen/textMedium,,
btnSubmit,ACCESS_COARSE_LOCATION,fill_parent,wrap_content,@color/white,@string/submit,@dimen/textMedium,,
btnSubmit,ACCESS_NETWORK_STATE,fill_parent,wrap_content,@color/white,@string/submit,@dimen/textMedium,,
btnSubmit,INTERNET,fill_parent,wrap_content,@color/white,@string/submit,@dimen/textMedium,,
btnUnLink,VIBRATE,fill_parent,40.0dip,@color/Black,@string/unlink_tracker,@dimen/textMedium,,
btnUnLink,BROADCAST_STICKY,fill_parent,40.0dip,@color/Black,@string/unlink_tracker,@dimen/textMedium,,
btnUnLink,USE_FINGERPRINT,fill_parent,40.0dip,@color/Black,@string/unlink_tracker,@dimen/textMedium,,
btnUnLink,ACCESS_FINE_LOCATION,fill_parent,40.0dip,@color/Black,@string/unlink_tracker,@dimen/textMedium,,
btnUnLink,ACCESS_COARSE_LOCATION,fill_parent,40.0dip,@color/Black,@string/unlink_tracker,@dimen/textMedium,,
btnUnLink,ACCESS_NETWORK_STATE,fill_parent,40.0dip,@color/Black,@string/unlink_tracker,@dimen/textMedium,,
btnUnLink,INTERNET,fill_parent,40.0dip,@color/Black,@string/unlink_tracker,@dimen/textMedium,,
cardView,BROADCAST_STICKY,fill_parent,wrap_content,,,,,
cardView,ACCESS_NETWORK_STATE,fill_parent,wrap_content,,,,,
cardView,INTERNET,fill_parent,wrap_content,,,,,
close,VIBRATE,20.0dip,20.0dip,,,,,
close,BROADCAST_STICKY,20.0dip,20.0dip,,,,,
close,USE_FINGERPRINT,20.0dip,20.0dip,,,,,
close,ACCESS_FINE_LOCATION,20.0dip,20.0dip,,,,,
close,ACCESS_COARSE_LOCATION,20.0dip,20.0dip,,,,,
close,ACCESS_NETWORK_STATE,20.0dip,20.0dip,,,,,
close,INTERNET,20.0dip,20.0dip,,,,,
containt,BROADCAST_STICKY,,,,,,,
containt,ACCESS_NETWORK_STATE,,,,,,,
containt,INTERNET,,,,,,,
containt,BROADCAST_STICKY,fill_parent,1.0dip,,,,,
containt,ACCESS_NETWORK_STATE,fill_parent,1.0dip,,,,,
containt,INTERNET,fill_parent,1.0dip,,,,,
containt,BROADCAST_STICKY,fill_parent,1.5px,@color/Black,@string/add_member,@dimen/textMediumLeast,,
containt,ACCESS_NETWORK_STATE,fill_parent,1.5px,@color/Black,@string/add_member,@dimen/textMediumLeast,,
containt,INTERNET,fill_parent,1.5px,@color/Black,@string/add_member,@dimen/textMediumLeast,,
containt,BROADCAST_STICKY,fill_parent,200.0dip,,,,,
containt,ACCESS_NETWORK_STATE,fill_parent,200.0dip,,,,,
containt,INTERNET,fill_parent,200.0dip,,,,,
containt,BROADCAST_STICKY,fill_parent,200.0dip,,,,,
containt,ACCESS_NETWORK_STATE,fill_parent,200.0dip,,,,,
containt,INTERNET,fill_parent,200.0dip,,,,,
containt,BROADCAST_STICKY,fill_parent,wrap_content,,,,,
containt,ACCESS_NETWORK_STATE,fill_parent,wrap_content,,,,,
containt,INTERNET,fill_parent,wrap_content,,,,,
containt,BROADCAST_STICKY,fill_parent,1.5px,@color/Black,,@dimen/textMediumLeast,,
containt,ACCESS_NETWORK_STATE,fill_parent,1.5px,@color/Black,,@dimen/textMediumLeast,,
containt,INTERNET,fill_parent,1.5px,@color/Black,,@dimen/textMediumLeast,,
containt,BROADCAST_STICKY,wrap_content,wrap_content,,,,,
containt,ACCESS_NETWORK_STATE,wrap_content,wrap_content,,,,,
containt,INTERNET,wrap_content,wrap_content,,,,,
cv,BROADCAST_STICKY,fill_parent,fill_parent,,,,,
cv,ACCESS_NETWORK_STATE,fill_parent,fill_parent,,,,,
cv,INTERNET,fill_parent,fill_parent,,,,,
edtDOB,VIBRATE,fill_parent,wrap_content,@color/White,,,,
edtDOB,BROADCAST_STICKY,fill_parent,wrap_content,@color/White,,,,
edtDOB,USE_FINGERPRINT,fill_parent,wrap_content,@color/White,,,,
edtDOB,ACCESS_FINE_LOCATION,fill_parent,wrap_content,@color/White,,,,
edtDOB,ACCESS_COARSE_LOCATION,fill_parent,wrap_content,@color/White,,,,
edtDOB,ACCESS_NETWORK_STATE,fill_parent,wrap_content,@color/White,,,,
edtDOB,INTERNET,fill_parent,wrap_content,@color/White,,,,
edtDob,VIBRATE,fill_parent,40.0dip,@color/Black,,@dimen/textMediumLeast,,
edtDob,BROADCAST_STICKY,fill_parent,40.0dip,@color/Black,,@dimen/textMediumLeast,,
edtDob,USE_FINGERPRINT,fill_parent,40.0dip,@color/Black,,@dimen/textMediumLeast,,
edtDob,ACCESS_FINE_LOCATION,fill_parent,40.0dip,@color/Black,,@dimen/textMediumLeast,,
edtDob,ACCESS_COARSE_LOCATION,fill_parent,40.0dip,@color/Black,,@dimen/textMediumLeast,,
edtDob,ACCESS_NETWORK_STATE,fill_parent,40.0dip,@color/Black,,@dimen/textMediumLeast,,
edtDob,INTERNET,fill_parent,40.0dip,@color/Black,,@dimen/textMediumLeast,,
edtDob,VIBRATE,fill_parent,wrap_content,,,,,
edtDob,BROADCAST_STICKY,fill_parent,wrap_content,,,,,
edtDob,USE_FINGERPRINT,fill_parent,wrap_content,,,,,
edtDob,ACCESS_FINE_LOCATION,fill_parent,wrap_content,,,,,
edtDob,ACCESS_COARSE_LOCATION,fill_parent,wrap_content,,,,,
edtDob,ACCESS_NETWORK_STATE,fill_parent,wrap_content,,,,,
edtDob,INTERNET,fill_parent,wrap_content,,,,,
ivAGif,ACCESS_NETWORK_STATE,50.0dip,50.0dip,,,,,
ivAddTeam,VIBRATE,100.0dip,wrap_content,,,,#NAME?,
ivAddTeam,BROADCAST_STICKY,100.0dip,wrap_content,,,,#NAME?,
ivAddTeam,USE_FINGERPRINT,100.0dip,wrap_content,,,,#NAME?,
ivAddTeam,ACCESS_FINE_LOCATION,100.0dip,wrap_content,,,,#NAME?,
ivAddTeam,ACCESS_COARSE_LOCATION,100.0dip,wrap_content,,,,#NAME?,
ivAddTeam,ACCESS_NETWORK_STATE,100.0dip,wrap_content,,,,#NAME?,
ivAddTeam,INTERNET,100.0dip,wrap_content,,,,#NAME?,
ivBlackBack,VIBRATE,30.0dip,30.0dip,,,,,
ivBlackBack,BROADCAST_STICKY,30.0dip,30.0dip,,,,,
ivBlackBack,USE_FINGERPRINT,30.0dip,30.0dip,,,,,
ivBlackBack,ACCESS_COARSE_LOCATION,30.0dip,30.0dip,,,,,
ivBlackBack,ACCESS_NETWORK_STATE,30.0dip,30.0dip,,,,,
ivBlackBack,INTERNET,30.0dip,30.0dip,,,,,
ivBlackBack,VIBRATE,30.0dip,30.0dip,,,,,
ivBlackBack,USE_FINGERPRINT,30.0dip,30.0dip,,,,,
ivBlackBack,ACCESS_COARSE_LOCATION,30.0dip,30.0dip,,,,,
ivBlackBack,ACCESS_NETWORK_STATE,30.0dip,30.0dip,,,,,
ivBlackBack,INTERNET,30.0dip,30.0dip,,,,,
ivCenterActivesgMenu,VIBRATE,,,,,,,
ivCenterActivesgMenu,BROADCAST_STICKY,,,,,,,
ivCenterActivesgMenu,USE_FINGERPRINT,,,,,,,
ivCenterActivesgMenu,ACCESS_FINE_LOCATION,,,,,,,
ivCenterActivesgMenu,ACCESS_COARSE_LOCATION,,,,,,,
ivCenterActivesgMenu,ACCESS_NETWORK_STATE,,,,,,,
ivCenterActivesgMenu,INTERNET,,,,,,,
ivChildAvatar,VIBRATE,65.0dip,65.0dip,,,,,
ivChildAvatar,BROADCAST_STICKY,65.0dip,65.0dip,,,,,
ivChildAvatar,USE_FINGERPRINT,65.0dip,65.0dip,,,,,
ivChildAvatar,ACCESS_FINE_LOCATION,65.0dip,65.0dip,,,,,
ivChildAvatar,ACCESS_COARSE_LOCATION,65.0dip,65.0dip,,,,,
ivChildAvatar,ACCESS_NETWORK_STATE,65.0dip,65.0dip,,,,,
ivChildAvatar,INTERNET,65.0dip,65.0dip,,,,,
ivChoose,BROADCAST_STICKY,25.0dip,22.399994dip,,,,,
ivChoose,ACCESS_NETWORK_STATE,25.0dip,22.399994dip,,,,,
ivChoose,INTERNET,25.0dip,22.399994dip,,,,,
ivEditTeam,VIBRATE,25.0dip,wrap_content,,,,,
ivEditTeam,BROADCAST_STICKY,25.0dip,wrap_content,,,,,
ivEditTeam,USE_FINGERPRINT,25.0dip,wrap_content,,,,,
ivEditTeam,ACCESS_FINE_LOCATION,25.0dip,wrap_content,,,,,
ivEditTeam,ACCESS_COARSE_LOCATION,25.0dip,wrap_content,,,,,
ivEditTeam,ACCESS_NETWORK_STATE,25.0dip,wrap_content,,,,,
ivEditTeam,INTERNET,25.0dip,wrap_content,,,,,
ivFeatureHelp,VIBRATE,20.0dip,20.0dip,,,,0,
ivFeatureHelp,BROADCAST_STICKY,20.0dip,20.0dip,,,,0,
ivFeatureHelp,USE_FINGERPRINT,20.0dip,20.0dip,,,,0,
ivFeatureHelp,ACCESS_FINE_LOCATION,20.0dip,20.0dip,,,,0,
ivFeatureHelp,ACCESS_COARSE_LOCATION,20.0dip,20.0dip,,,,0,
ivFeatureHelp,ACCESS_NETWORK_STATE,20.0dip,20.0dip,,,,0,
ivFeatureHelp,INTERNET,20.0dip,20.0dip,,,,0,
ivFeatureHelp,VIBRATE,20.0dip,20.0dip,,,,0,
ivFeatureHelp,BROADCAST_STICKY,20.0dip,20.0dip,,,,0,
ivFeatureHelp,USE_FINGERPRINT,20.0dip,20.0dip,,,,0,
ivFeatureHelp,ACCESS_FINE_LOCATION,20.0dip,20.0dip,,,,0,
ivFeatureHelp,ACCESS_COARSE_LOCATION,20.0dip,20.0dip,,,,0,
ivFeatureHelp,ACCESS_NETWORK_STATE,20.0dip,20.0dip,,,,0,
ivFeatureHelp,INTERNET,20.0dip,20.0dip,,,,0,
ivGift,VIBRATE,30.0dip,25.0dip,,,,.Activesves,
ivGift,BROADCAST_STICKY,30.0dip,25.0dip,,,,.Activesves,
ivGift,USE_FINGERPRINT,30.0dip,25.0dip,,,,.Activesves,
ivGift,ACCESS_FINE_LOCATION,30.0dip,25.0dip,,,,.Activesves,
ivGift,ACCESS_COARSE_LOCATION,30.0dip,25.0dip,,,,.Activesves,
ivGift,ACCESS_NETWORK_STATE,30.0dip,25.0dip,,,,.Activesves,
ivGift,INTERNET,30.0dip,25.0dip,,,,.Activesves,
ivInfo,VIBRATE,,,,,,,
ivInfo,BROADCAST_STICKY,,,,,,,
ivInfo,USE_FINGERPRINT,,,,,,,
ivInfo,ACCESS_FINE_LOCATION,,,,,,,
ivInfo,ACCESS_COARSE_LOCATION,,,,,,,
ivInfo,ACCESS_NETWORK_STATE,,,,,,,
ivInfo,INTERNET,,,,,,,
ivInfo,VIBRATE,25.0dip,wrap_content,,,,,
ivInfo,BROADCAST_STICKY,25.0dip,wrap_content,,,,,
ivInfo,USE_FINGERPRINT,25.0dip,wrap_content,,,,,
ivInfo,ACCESS_FINE_LOCATION,25.0dip,wrap_content,,,,,
ivInfo,ACCESS_COARSE_LOCATION,25.0dip,wrap_content,,,,,
ivInfo,ACCESS_NETWORK_STATE,25.0dip,wrap_content,,,,,
ivInfo,INTERNET,25.0dip,wrap_content,,,,,
ivInfo,VIBRATE,,,,,,,
ivInfo,BROADCAST_STICKY,,,,,,,
ivInfo,USE_FINGERPRINT,,,,,,,
ivInfo,ACCESS_FINE_LOCATION,,,,,,,
ivInfo,ACCESS_COARSE_LOCATION,,,,,,,
ivInfo,ACCESS_NETWORK_STATE,,,,,,,
ivInfo,INTERNET,,,,,,,
ivInfo,VIBRATE,,,,,,,
ivInfo,BROADCAST_STICKY,,,,,,,
ivInfo,USE_FINGERPRINT,,,,,,,
ivInfo,ACCESS_FINE_LOCATION,,,,,,,
ivInfo,ACCESS_COARSE_LOCATION,,,,,,,
ivInfo,ACCESS_NETWORK_STATE,,,,,,,
ivInfo,INTERNET,,,,,,,
ivInfo,VIBRATE,,,,,,,
ivInfo,BROADCAST_STICKY,,,,,,,
ivInfo,USE_FINGERPRINT,,,,,,,
ivInfo,ACCESS_FINE_LOCATION,,,,,,,
ivInfo,ACCESS_COARSE_LOCATION,,,,,,,
ivInfo,ACCESS_NETWORK_STATE,,,,,,,
ivInfo,INTERNET,,,,,,,
ivInfo,VIBRATE,,,,,,,
ivInfo,BROADCAST_STICKY,,,,,,,
ivInfo,USE_FINGERPRINT,,,,,,,
ivInfo,ACCESS_FINE_LOCATION,,,,,,,
ivInfo,ACCESS_COARSE_LOCATION,,,,,,,
ivInfo,ACCESS_NETWORK_STATE,,,,,,,
ivInfo,INTERNET,,,,,,,
ivInfo,VIBRATE,,,,,,,
ivInfo,BROADCAST_STICKY,,,,,,,
ivInfo,USE_FINGERPRINT,,,,,,,
ivInfo,ACCESS_FINE_LOCATION,,,,,,,
ivInfo,ACCESS_COARSE_LOCATION,,,,,,,
ivInfo,ACCESS_NETWORK_STATE,,,,,,,
ivInfo,INTERNET,,,,,,,
ivInfo2,VIBRATE,,,,,,,
ivInfo2,BROADCAST_STICKY,,,,,,,
ivInfo2,USE_FINGERPRINT,,,,,,,
ivInfo2,ACCESS_FINE_LOCATION,,,,,,,
ivInfo2,ACCESS_COARSE_LOCATION,,,,,,,
ivInfo2,ACCESS_NETWORK_STATE,,,,,,,
ivInfo2,INTERNET,,,,,,,
ivIsFav,VIBRATE,20.0dip,18.0dip,,,,,
ivIsFav,BROADCAST_STICKY,20.0dip,18.0dip,,,,,
ivIsFav,USE_FINGERPRINT,20.0dip,18.0dip,,,,,
ivIsFav,ACCESS_FINE_LOCATION,20.0dip,18.0dip,,,,,
ivIsFav,ACCESS_COARSE_LOCATION,20.0dip,18.0dip,,,,,
ivIsFav,ACCESS_NETWORK_STATE,20.0dip,18.0dip,,,,,
ivIsFav,INTERNET,20.0dip,18.0dip,,,,,
ivLogo,VIBRATE,330.0dip,180.0dip,,,,,
ivLogo,BROADCAST_STICKY,330.0dip,180.0dip,,,,,
ivLogo,USE_FINGERPRINT,330.0dip,180.0dip,,,,,
ivLogo,ACCESS_FINE_LOCATION,330.0dip,180.0dip,,,,,
ivLogo,ACCESS_COARSE_LOCATION,330.0dip,180.0dip,,,,,
ivLogo,ACCESS_NETWORK_STATE,330.0dip,180.0dip,,,,,
ivLogo,INTERNET,330.0dip,180.0dip,,,,,
ivMobileBook,VIBRATE,20.0dip,wrap_content,,,,,
ivMobileBook,BROADCAST_STICKY,20.0dip,wrap_content,,,,,
ivMobileBook,USE_FINGERPRINT,20.0dip,wrap_content,,,,,
ivMobileBook,ACCESS_FINE_LOCATION,20.0dip,wrap_content,,,,,
ivMobileBook,ACCESS_COARSE_LOCATION,20.0dip,wrap_content,,,,,
ivMobileBook,ACCESS_NETWORK_STATE,20.0dip,wrap_content,,,,,
ivMobileBook,INTERNET,20.0dip,wrap_content,,,,,
ivNormalHelp,VIBRATE,20.0dip,20.0dip,,,,0,
ivNormalHelp,BROADCAST_STICKY,20.0dip,20.0dip,,,,0,
ivNormalHelp,USE_FINGERPRINT,20.0dip,20.0dip,,,,0,
ivNormalHelp,ACCESS_FINE_LOCATION,20.0dip,20.0dip,,,,0,
ivNormalHelp,ACCESS_COARSE_LOCATION,20.0dip,20.0dip,,,,0,
ivNormalHelp,ACCESS_NETWORK_STATE,20.0dip,20.0dip,,,,0,
ivNormalHelp,INTERNET,20.0dip,20.0dip,,,,0,
ivNormalHelp,VIBRATE,20.0dip,20.0dip,,,,0,
ivNormalHelp,BROADCAST_STICKY,20.0dip,20.0dip,,,,0,
ivNormalHelp,USE_FINGERPRINT,20.0dip,20.0dip,,,,0,
ivNormalHelp,ACCESS_FINE_LOCATION,20.0dip,20.0dip,,,,0,
ivNormalHelp,ACCESS_COARSE_LOCATION,20.0dip,20.0dip,,,,0,
ivNormalHelp,ACCESS_NETWORK_STATE,20.0dip,20.0dip,,,,0,
ivNormalHelp,INTERNET,20.0dip,20.0dip,,,,0,
ivOnePA,ACCESS_NETWORK_STATE,100.0dip,45.0dip,,,,one PABringing People Together,
ivRate,VIBRATE,wrap_content,25.0dip,,,,,
ivRate,BROADCAST_STICKY,wrap_content,25.0dip,,,,,
ivRate,USE_FINGERPRINT,wrap_content,25.0dip,,,,,
ivRate,ACCESS_FINE_LOCATION,wrap_content,25.0dip,,,,,
ivRate,ACCESS_COARSE_LOCATION,wrap_content,25.0dip,,,,,
ivRate,ACCESS_NETWORK_STATE,wrap_content,25.0dip,,,,,
ivRate,INTERNET,wrap_content,25.0dip,,,,,
ivRemove,BROADCAST_STICKY,17.0dip,17.0dip,,,,X,
ivRemove,ACCESS_NETWORK_STATE,17.0dip,17.0dip,,,,X,
ivRemove,INTERNET,17.0dip,17.0dip,,,,X,
ivReset,BROADCAST_STICKY,@dimen/imgXSmall,@dimen/imgXSmall,,,,X,
ivReset,INTERNET,@dimen/imgXSmall,@dimen/imgXSmall,,,,X,
ivReset,BROADCAST_STICKY,@dimen/imgXSmall,@dimen/imgXSmall,,,,X,
ivReset,INTERNET,@dimen/imgXSmall,@dimen/imgXSmall,,,,X,
ivRetrieveMyInfo,INTERNET,220.0dip,45.0dip,,,,RETRIEVE Myjnfo,
ivRight,BROADCAST_STICKY,wrap_content,25.0dip,,,,,
ivRight,USE_FINGERPRINT,wrap_content,25.0dip,,,,,
ivRight,ACCESS_COARSE_LOCATION,wrap_content,25.0dip,,,,,
ivRight,ACCESS_NETWORK_STATE,wrap_content,25.0dip,,,,,
ivRight,INTERNET,wrap_content,25.0dip,,,,,
ivRight,VIBRATE,,,,,,,
ivRight,BROADCAST_STICKY,,,,,,,
ivRight,USE_FINGERPRINT,,,,,,,
ivRight,ACCESS_FINE_LOCATION,,,,,,,
ivRight,ACCESS_COARSE_LOCATION,,,,,,,
ivRight,ACCESS_NETWORK_STATE,,,,,,,
ivRight,INTERNET,,,,,,,
ivRight,VIBRATE,,,,,,,
ivRight,BROADCAST_STICKY,,,,,,,
ivRight,USE_FINGERPRINT,,,,,,,
ivRight,ACCESS_FINE_LOCATION,,,,,,,
ivRight,ACCESS_COARSE_LOCATION,,,,,,,
ivRight,ACCESS_NETWORK_STATE,,,,,,,
ivRight,INTERNET,,,,,,,
ivRight,VIBRATE,35.0dip,35.0dip,,,,,
ivRight,BROADCAST_STICKY,35.0dip,35.0dip,,,,,
ivRight,USE_FINGERPRINT,35.0dip,35.0dip,,,,,
ivRight,ACCESS_FINE_LOCATION,35.0dip,35.0dip,,,,,
ivRight,ACCESS_COARSE_LOCATION,35.0dip,35.0dip,,,,,
ivRight,ACCESS_NETWORK_STATE,35.0dip,35.0dip,,,,,
ivRight,INTERNET,35.0dip,35.0dip,,,,,
ivSGif,ACCESS_NETWORK_STATE,50.0dip,50.0dip,,,,,
ivSchemeHelp,VIBRATE,20.0dip,20.0dip,,,,0,
ivSchemeHelp,BROADCAST_STICKY,20.0dip,20.0dip,,,,0,
ivSchemeHelp,USE_FINGERPRINT,20.0dip,20.0dip,,,,0,
ivSchemeHelp,ACCESS_FINE_LOCATION,20.0dip,20.0dip,,,,0,
ivSchemeHelp,ACCESS_COARSE_LOCATION,20.0dip,20.0dip,,,,0,
ivSchemeHelp,ACCESS_NETWORK_STATE,20.0dip,20.0dip,,,,0,
ivSchemeHelp,INTERNET,20.0dip,20.0dip,,,,0,
ivSchemeHelp,VIBRATE,20.0dip,20.0dip,,,,0,
ivSchemeHelp,BROADCAST_STICKY,20.0dip,20.0dip,,,,0,
ivSchemeHelp,USE_FINGERPRINT,20.0dip,20.0dip,,,,0,
ivSchemeHelp,ACCESS_FINE_LOCATION,20.0dip,20.0dip,,,,0,
ivSchemeHelp,ACCESS_COARSE_LOCATION,20.0dip,20.0dip,,,,0,
ivSchemeHelp,ACCESS_NETWORK_STATE,20.0dip,20.0dip,,,,0,
ivSchemeHelp,INTERNET,20.0dip,20.0dip,,,,0,
ivSenjaHelp,VIBRATE,@dimen/imgSmall,@dimen/imgSmall,,,,0,
ivSenjaHelp,BROADCAST_STICKY,@dimen/imgSmall,@dimen/imgSmall,,,,0,
ivSenjaHelp,USE_FINGERPRINT,@dimen/imgSmall,@dimen/imgSmall,,,,0,
ivSenjaHelp,ACCESS_FINE_LOCATION,@dimen/imgSmall,@dimen/imgSmall,,,,0,
ivSenjaHelp,ACCESS_COARSE_LOCATION,@dimen/imgSmall,@dimen/imgSmall,,,,0,
ivSenjaHelp,ACCESS_NETWORK_STATE,@dimen/imgSmall,@dimen/imgSmall,,,,0,
ivSenjaHelp,INTERNET,@dimen/imgSmall,@dimen/imgSmall,,,,0,
ivShare,INTERNET,25.0dip,25.0dip,,,,1,
ivSmal,BROADCAST_STICKY,fill_parent,wrap_content,,,,,
ivSmal,ACCESS_NETWORK_STATE,fill_parent,wrap_content,,,,,
ivSmal,INTERNET,fill_parent,wrap_content,,,,,
ivVoice,VIBRATE,wrap_content,25.0dip,,,,,
ivVoice,BROADCAST_STICKY,wrap_content,25.0dip,,,,,
ivVoice,USE_FINGERPRINT,wrap_content,25.0dip,,,,,
ivVoice,ACCESS_FINE_LOCATION,wrap_content,25.0dip,,,,,
ivVoice,ACCESS_COARSE_LOCATION,wrap_content,25.0dip,,,,,
ivVoice,ACCESS_NETWORK_STATE,wrap_content,25.0dip,,,,,
ivVoice,INTERNET,wrap_content,25.0dip,,,,,
llBack,BROADCAST_STICKY,20.0dip,20.0dip,,,,,
llBack,USE_FINGERPRINT,20.0dip,20.0dip,,,,,
llBack,ACCESS_COARSE_LOCATION,20.0dip,20.0dip,,,,,
llBack,ACCESS_NETWORK_STATE,20.0dip,20.0dip,,,,,
llBack,INTERNET,20.0dip,20.0dip,,,,,
llDetailMore,VIBRATE,20.0dip,20.0dip,,,,,
llDetailMore,BROADCAST_STICKY,20.0dip,20.0dip,,,,,
llDetailMore,USE_FINGERPRINT,20.0dip,20.0dip,,,,,
llDetailMore,ACCESS_FINE_LOCATION,20.0dip,20.0dip,,,,,
llDetailMore,ACCESS_COARSE_LOCATION,20.0dip,20.0dip,,,,,
llDetailMore,ACCESS_NETWORK_STATE,20.0dip,20.0dip,,,,,
llDetailMore,INTERNET,20.0dip,20.0dip,,,,,
llInfo,VIBRATE,35.0dip,35.0dip,,,,,
llInfo,BROADCAST_STICKY,35.0dip,35.0dip,,,,,
llInfo,USE_FINGERPRINT,35.0dip,35.0dip,,,,,
llInfo,ACCESS_FINE_LOCATION,35.0dip,35.0dip,,,,,
llInfo,ACCESS_COARSE_LOCATION,35.0dip,35.0dip,,,,,
llInfo,ACCESS_NETWORK_STATE,35.0dip,35.0dip,,,,,
llInfo,INTERNET,35.0dip,35.0dip,,,,,
mbChange,VIBRATE,,,,,,,
mbChange,BROADCAST_STICKY,,,,,,,
mbChange,USE_FINGERPRINT,,,,,,,
mbChange,ACCESS_FINE_LOCATION,,,,,,,
mbChange,ACCESS_COARSE_LOCATION,,,,,,,
mbChange,ACCESS_NETWORK_STATE,,,,,,,
mbChange,INTERNET,,,,,,,
mbDone,VIBRATE,,,,,,,
mbDone,BROADCAST_STICKY,,,,,,,
mbDone,USE_FINGERPRINT,,,,,,,
mbDone,ACCESS_FINE_LOCATION,,,,,,,
mbDone,ACCESS_COARSE_LOCATION,,,,,,,
mbDone,ACCESS_NETWORK_STATE,,,,,,,
mbDone,INTERNET,,,,,,,
mbNext,VIBRATE,,,,,,,
mbNext,BROADCAST_STICKY,,,,,,,
mbNext,USE_FINGERPRINT,,,,,,,
mbNext,ACCESS_FINE_LOCATION,,,,,,,
mbNext,ACCESS_COARSE_LOCATION,,,,,,,
mbNext,ACCESS_NETWORK_STATE,,,,,,,
mbNext,INTERNET,,,,,,,
mbNext,VIBRATE,fill_parent,wrap_content,@color/white,@string/next,@dimen/textMedium,,
mbNext,BROADCAST_STICKY,fill_parent,wrap_content,@color/white,@string/next,@dimen/textMedium,,
mbNext,USE_FINGERPRINT,fill_parent,wrap_content,@color/white,@string/next,@dimen/textMedium,,
mbNext,ACCESS_FINE_LOCATION,fill_parent,wrap_content,@color/white,@string/next,@dimen/textMedium,,
mbNext,ACCESS_COARSE_LOCATION,fill_parent,wrap_content,@color/white,@string/next,@dimen/textMedium,,
mbNext,ACCESS_NETWORK_STATE,fill_parent,wrap_content,@color/white,@string/next,@dimen/textMedium,,
mbNext,INTERNET,fill_parent,wrap_content,@color/white,@string/next,@dimen/textMedium,,
mbNext,VIBRATE,fill_parent,wrap_content,@color/white,@string/next,@dimen/textMedium,,
mbNext,BROADCAST_STICKY,fill_parent,wrap_content,@color/white,@string/next,@dimen/textMedium,,
mbNext,USE_FINGERPRINT,fill_parent,wrap_content,@color/white,@string/next,@dimen/textMedium,,
mbNext,ACCESS_FINE_LOCATION,fill_parent,wrap_content,@color/white,@string/next,@dimen/textMedium,,
mbNext,ACCESS_COARSE_LOCATION,fill_parent,wrap_content,@color/white,@string/next,@dimen/textMedium,,
mbNext,ACCESS_NETWORK_STATE,fill_parent,wrap_content,@color/white,@string/next,@dimen/textMedium,,
mbNext,INTERNET,fill_parent,wrap_content,@color/white,@string/next,@dimen/textMedium,,
mbNext,VIBRATE,fill_parent,wrap_content,@color/white,@string/next,@dimen/textMedium,,
mbNext,BROADCAST_STICKY,fill_parent,wrap_content,@color/white,@string/next,@dimen/textMedium,,
mbNext,USE_FINGERPRINT,fill_parent,wrap_content,@color/white,@string/next,@dimen/textMedium,,
mbNext,ACCESS_FINE_LOCATION,fill_parent,wrap_content,@color/white,@string/next,@dimen/textMedium,,
mbNext,ACCESS_COARSE_LOCATION,fill_parent,wrap_content,@color/white,@string/next,@dimen/textMedium,,
mbNext,ACCESS_NETWORK_STATE,fill_parent,wrap_content,@color/white,@string/next,@dimen/textMedium,,
mbNext,INTERNET,fill_parent,wrap_content,@color/white,@string/next,@dimen/textMedium,,
mbNext,VIBRATE,fill_parent,wrap_content,@color/white,@string/next,@dimen/textMedium,,
mbNext,BROADCAST_STICKY,fill_parent,wrap_content,@color/white,@string/next,@dimen/textMedium,,
mbNext,USE_FINGERPRINT,fill_parent,wrap_content,@color/white,@string/next,@dimen/textMedium,,
mbNext,ACCESS_FINE_LOCATION,fill_parent,wrap_content,@color/white,@string/next,@dimen/textMedium,,
mbNext,ACCESS_COARSE_LOCATION,fill_parent,wrap_content,@color/white,@string/next,@dimen/textMedium,,
mbNext,ACCESS_NETWORK_STATE,fill_parent,wrap_content,@color/white,@string/next,@dimen/textMedium,,
mbNext,INTERNET,fill_parent,wrap_content,@color/white,@string/next,@dimen/textMedium,,
mbSave,ACCESS_NETWORK_STATE,fill_parent,wrap_content,@color/white,@string/uppercase_save,@dimen/textMedium,,
mbSave,INTERNET,fill_parent,wrap_content,@color/white,@string/uppercase_save,@dimen/textMedium,,
mtForgotPIN,VIBRATE,wrap_content,wrap_content,@color/Red,@string/forgot_pin,@dimen/textMedium,,
mtForgotPIN,ACCESS_FINE_LOCATION,wrap_content,wrap_content,@color/Red,@string/forgot_pin,@dimen/textMedium,,
mtForgotPIN,ACCESS_NETWORK_STATE,wrap_content,wrap_content,@color/Red,@string/forgot_pin,@dimen/textMedium,,
mtForgotPIN,INTERNET,wrap_content,wrap_content,@color/Red,@string/forgot_pin,@dimen/textMedium,,
mtName,VIBRATE,fill_parent,wrap_content,@color/white,,@dimen/textMedium,,
mtName,BROADCAST_STICKY,fill_parent,wrap_content,@color/white,,@dimen/textMedium,,
mtName,USE_FINGERPRINT,fill_parent,wrap_content,@color/white,,@dimen/textMedium,,
mtName,ACCESS_FINE_LOCATION,fill_parent,wrap_content,@color/white,,@dimen/textMedium,,
mtName,ACCESS_COARSE_LOCATION,fill_parent,wrap_content,@color/white,,@dimen/textMedium,,
mtName,ACCESS_NETWORK_STATE,fill_parent,wrap_content,@color/white,,@dimen/textMedium,,
mtName,INTERNET,fill_parent,wrap_content,@color/white,,@dimen/textMedium,,
mtResend,ACCESS_NETWORK_STATE,fill_parent,wrap_content,@color/Red,@string/resend,@dimen/textMedium,,
rlContainer,BROADCAST_STICKY,fill_parent,3.0dip,,,,,
rlContainer,ACCESS_NETWORK_STATE,fill_parent,3.0dip,,,,,
rlContainer,INTERNET,fill_parent,3.0dip,,,,,
rlContainer,BROADCAST_STICKY,,,,,,,
rlContainer,ACCESS_NETWORK_STATE,,,,,,,
rlContainer,INTERNET,,,,,,,
switchTouchIdActiveWallet,VIBRATE,wrap_content,wrap_content,,,,,
switchTouchIdActiveWallet,BROADCAST_STICKY,wrap_content,wrap_content,,,,,
switchTouchIdActiveWallet,USE_FINGERPRINT,wrap_content,wrap_content,,,,,
switchTouchIdActiveWallet,ACCESS_FINE_LOCATION,wrap_content,wrap_content,,,,,
switchTouchIdActiveWallet,ACCESS_COARSE_LOCATION,wrap_content,wrap_content,,,,,
switchTouchIdActiveWallet,ACCESS_NETWORK_STATE,wrap_content,wrap_content,,,,,
switchTouchIdActiveWallet,INTERNET,wrap_content,wrap_content,,,,,
switchTouchIdLogin,VIBRATE,wrap_content,wrap_content,,,,,
switchTouchIdLogin,BROADCAST_STICKY,wrap_content,wrap_content,,,,,
switchTouchIdLogin,USE_FINGERPRINT,wrap_content,wrap_content,,,,,
switchTouchIdLogin,ACCESS_FINE_LOCATION,wrap_content,wrap_content,,,,,
switchTouchIdLogin,ACCESS_COARSE_LOCATION,wrap_content,wrap_content,,,,,
switchTouchIdLogin,ACCESS_NETWORK_STATE,wrap_content,wrap_content,,,,,
switchTouchIdLogin,INTERNET,wrap_content,wrap_content,,,,,
tvCancel,BROADCAST_STICKY,wrap_content,wrap_content,@color/Black,@string/ssc_cancel,@dimen/textMedium,,
tvCancel,USE_FINGERPRINT,wrap_content,wrap_content,@color/Black,@string/ssc_cancel,@dimen/textMedium,,
tvCancel,ACCESS_COARSE_LOCATION,wrap_content,wrap_content,@color/Black,@string/ssc_cancel,@dimen/textMedium,,
tvCancel,ACCESS_NETWORK_STATE,wrap_content,wrap_content,@color/Black,@string/ssc_cancel,@dimen/textMedium,,
tvCancel,INTERNET,wrap_content,wrap_content,@color/Black,@string/ssc_cancel,@dimen/textMedium,,
tvCancel,VIBRATE,wrap_content,wrap_content,@color/Black,Cancel,17.0sp,,
tvCancel,BROADCAST_STICKY,wrap_content,wrap_content,@color/Black,Cancel,17.0sp,,
tvCancel,USE_FINGERPRINT,wrap_content,wrap_content,@color/Black,Cancel,17.0sp,,
tvCancel,ACCESS_COARSE_LOCATION,wrap_content,wrap_content,@color/Black,Cancel,17.0sp,,
tvCancel,ACCESS_NETWORK_STATE,wrap_content,wrap_content,@color/Black,Cancel,17.0sp,,
tvCancel,VIBRATE,wrap_content,wrap_content,@color/Black,Cancel,17.0sp,,
tvCancel,USE_FINGERPRINT,wrap_content,wrap_content,@color/Black,Cancel,17.0sp,,
tvCancel,ACCESS_COARSE_LOCATION,wrap_content,wrap_content,@color/Black,Cancel,17.0sp,,
tvCancel,ACCESS_NETWORK_STATE,wrap_content,wrap_content,@color/Black,Cancel,17.0sp,,
tvMore,VIBRATE,fill_parent,wrap_content,@color/Red,@string/show_more,@dimen/textMediumLeast,,
tvMore,BROADCAST_STICKY,fill_parent,wrap_content,@color/Red,@string/show_more,@dimen/textMediumLeast,,
tvMore,USE_FINGERPRINT,fill_parent,wrap_content,@color/Red,@string/show_more,@dimen/textMediumLeast,,
tvMore,ACCESS_FINE_LOCATION,fill_parent,wrap_content,@color/Red,@string/show_more,@dimen/textMediumLeast,,
tvMore,ACCESS_COARSE_LOCATION,fill_parent,wrap_content,@color/Red,@string/show_more,@dimen/textMediumLeast,,
tvMore,ACCESS_NETWORK_STATE,fill_parent,wrap_content,@color/Red,@string/show_more,@dimen/textMediumLeast,,
tvMore,INTERNET,fill_parent,wrap_content,@color/Red,@string/show_more,@dimen/textMediumLeast,,
tvPayNow,VIBRATE,fill_parent,60.0dip,@color/white,PAY NOW,23.0sp,,
tvPayNow,BROADCAST_STICKY,fill_parent,60.0dip,@color/white,PAY NOW,23.0sp,,
tvPayNow,USE_FINGERPRINT,fill_parent,60.0dip,@color/white,PAY NOW,23.0sp,,
tvPayNow,ACCESS_COARSE_LOCATION,fill_parent,60.0dip,@color/white,PAY NOW,23.0sp,,
tvPayNow,ACCESS_NETWORK_STATE,fill_parent,60.0dip,@color/white,PAY NOW,23.0sp,,
tvPayNow,INTERNET,fill_parent,60.0dip,@color/white,PAY NOW,23.0sp,,
tvProgrammeCategoryName,VIBRATE,wrap_content,wrap_content,@color/Black,,16.0sp,,
tvProgrammeCategoryName,BROADCAST_STICKY,wrap_content,wrap_content,@color/Black,,16.0sp,,
tvProgrammeCategoryName,USE_FINGERPRINT,wrap_content,wrap_content,@color/Black,,16.0sp,,
tvProgrammeCategoryName,ACCESS_FINE_LOCATION,wrap_content,wrap_content,@color/Black,,16.0sp,,
tvProgrammeCategoryName,ACCESS_COARSE_LOCATION,wrap_content,wrap_content,@color/Black,,16.0sp,,
tvProgrammeCategoryName,ACCESS_NETWORK_STATE,wrap_content,wrap_content,@color/Black,,16.0sp,,
tvProgrammeCategoryName,INTERNET,wrap_content,wrap_content,@color/Black,,16.0sp,,
tvRnR,INTERNET,fill_parent,wrap_content,@color/blue,Click to View,,,
tvSkip,VIBRATE,wrap_content,wrap_content,@color/white,@string/ssc_skip,@dimen/textMediumLeast,,
tvSkip,BROADCAST_STICKY,wrap_content,wrap_content,@color/white,@string/ssc_skip,@dimen/textMediumLeast,,
tvSkip,USE_FINGERPRINT,wrap_content,wrap_content,@color/white,@string/ssc_skip,@dimen/textMediumLeast,,
tvSkip,ACCESS_FINE_LOCATION,wrap_content,wrap_content,@color/white,@string/ssc_skip,@dimen/textMediumLeast,,
tvSkip,ACCESS_COARSE_LOCATION,wrap_content,wrap_content,@color/white,@string/ssc_skip,@dimen/textMediumLeast,,
tvSkip,ACCESS_NETWORK_STATE,wrap_content,wrap_content,@color/white,@string/ssc_skip,@dimen/textMediumLeast,,
tvSkip,INTERNET,wrap_content,wrap_content,@color/white,@string/ssc_skip,@dimen/textMediumLeast,,
tvSkip,VIBRATE,wrap_content,wrap_content,@color/white,@string/ssc_skip,@dimen/textMediumLeast,,
tvSkip,BROADCAST_STICKY,wrap_content,wrap_content,@color/white,@string/ssc_skip,@dimen/textMediumLeast,,
tvSkip,USE_FINGERPRINT,wrap_content,wrap_content,@color/white,@string/ssc_skip,@dimen/textMediumLeast,,
tvSkip,ACCESS_FINE_LOCATION,wrap_content,wrap_content,@color/white,@string/ssc_skip,@dimen/textMediumLeast,,
tvSkip,ACCESS_COARSE_LOCATION,wrap_content,wrap_content,@color/white,@string/ssc_skip,@dimen/textMediumLeast,,
tvSkip,ACCESS_NETWORK_STATE,wrap_content,wrap_content,@color/white,@string/ssc_skip,@dimen/textMediumLeast,,
tvSkip,INTERNET,wrap_content,wrap_content,@color/white,@string/ssc_skip,@dimen/textMediumLeast,,
tvSkip,VIBRATE,wrap_content,wrap_content,@color/white,@string/ssc_skip,@dimen/textMediumLeast,,
tvSkip,BROADCAST_STICKY,wrap_content,wrap_content,@color/white,@string/ssc_skip,@dimen/textMediumLeast,,
tvSkip,USE_FINGERPRINT,wrap_content,wrap_content,@color/white,@string/ssc_skip,@dimen/textMediumLeast,,
tvSkip,ACCESS_FINE_LOCATION,wrap_content,wrap_content,@color/white,@string/ssc_skip,@dimen/textMediumLeast,,
tvSkip,ACCESS_COARSE_LOCATION,wrap_content,wrap_content,@color/white,@string/ssc_skip,@dimen/textMediumLeast,,
tvSkip,ACCESS_NETWORK_STATE,wrap_content,wrap_content,@color/white,@string/ssc_skip,@dimen/textMediumLeast,,
tvSkip,INTERNET,wrap_content,wrap_content,@color/white,@string/ssc_skip,@dimen/textMediumLeast,,
tvSync,VIBRATE,wrap_content,wrap_content,@color/myhealth_red,Sync,@dimen/textMedium,,
tvSync,BROADCAST_STICKY,wrap_content,wrap_content,@color/myhealth_red,Sync,@dimen/textMedium,,
tvSync,USE_FINGERPRINT,wrap_content,wrap_content,@color/myhealth_red,Sync,@dimen/textMedium,,
tvSync,ACCESS_COARSE_LOCATION,wrap_content,wrap_content,@color/myhealth_red,Sync,@dimen/textMedium,,
tvSync,ACCESS_NETWORK_STATE,wrap_content,wrap_content,@color/myhealth_red,Sync,@dimen/textMedium,,
tvSync,INTERNET,wrap_content,wrap_content,@color/myhealth_red,Sync,@dimen/textMedium,,
tvText,BROADCAST_STICKY,fill_parent,wrap_content,@color/Black,,@dimen/textMedium,,
tvText,ACCESS_NETWORK_STATE,fill_parent,wrap_content,@color/Black,,@dimen/textMedium,,
tvText,INTERNET,fill_parent,wrap_content,@color/Black,,@dimen/textMedium,,
tvText,BROADCAST_STICKY,fill_parent,wrap_content,@color/Black,,@dimen/textMediumLeast,,
tvText,ACCESS_NETWORK_STATE,fill_parent,wrap_content,@color/Black,,@dimen/textMediumLeast,,
tvText,INTERNET,fill_parent,wrap_content,@color/Black,,@dimen/textMediumLeast,,
tvUnlinkAccount,VIBRATE,wrap_content,wrap_content,@color/colorPrimary,UNLINK ACCOUNT,18.0sp,,
tvUnlinkAccount,BROADCAST_STICKY,wrap_content,wrap_content,@color/colorPrimary,UNLINK ACCOUNT,18.0sp,,
tvUnlinkAccount,USE_FINGERPRINT,wrap_content,wrap_content,@color/colorPrimary,UNLINK ACCOUNT,18.0sp,,
tvUnlinkAccount,ACCESS_FINE_LOCATION,wrap_content,wrap_content,@color/colorPrimary,UNLINK ACCOUNT,18.0sp,,
tvUnlinkAccount,ACCESS_COARSE_LOCATION,wrap_content,wrap_content,@color/colorPrimary,UNLINK ACCOUNT,18.0sp,,
tvUnlinkAccount,ACCESS_NETWORK_STATE,wrap_content,wrap_content,@color/colorPrimary,UNLINK ACCOUNT,18.0sp,,
tvUnlinkAccount,INTERNET,wrap_content,wrap_content,@color/colorPrimary,UNLINK ACCOUNT,18.0sp,,
tvbtnViewBundle,INTERNET,wrap_content,40.0dip,@color/white,@string/view_bundle,@dimen/textMedium,,
sign_in_button,INTERNET,fill_parent,wrap_content,,@string/txt_signIN,,,
etnoppl,ACCESS_NETWORK_STATE,fill_parent,wrap_content,,,,,
etnoppl,INTERNET,fill_parent,wrap_content,,,,,
btnAddToCalendar,GET_TASKS,fill_parent,wrap_content,@color/orange,@string/event_add_to_calendar,,,
btnAddToCalendar,ACCESS_NETWORK_STATE,fill_parent,wrap_content,@color/orange,@string/event_add_to_calendar,,,
btnAddToCalendar,INTERNET,fill_parent,wrap_content,@color/orange,@string/event_add_to_calendar,,,
btnBuyingGuide,GET_TASKS,fill_parent,wrap_content,@color/white,@string/life_cycle_buying_guide,,,
btnBuyingGuide,INTERNET,fill_parent,wrap_content,@color/white,@string/life_cycle_buying_guide,,,
btnEmail,GET_TASKS,wrap_content,wrap_content,@color/white,@string/default_empty_string,21.0dip,,
btnEmail,ACCESS_NETWORK_STATE,wrap_content,wrap_content,@color/white,@string/default_empty_string,21.0dip,,
btnEmail,INTERNET,wrap_content,wrap_content,@color/white,@string/default_empty_string,21.0dip,,
btnHawkerAlerts,GET_TASKS,wrap_content,wrap_content,@color/dengue_alert_bar_title,@string/hawker_center_alert_setting,16.0dip,,
btnHawkerAlerts,ACCESS_NETWORK_STATE,wrap_content,wrap_content,@color/dengue_alert_bar_title,@string/hawker_center_alert_setting,16.0dip,,
btnHawkerAlerts,INTERNET,wrap_content,wrap_content,@color/dengue_alert_bar_title,@string/hawker_center_alert_setting,16.0dip,,
btn_map_session_4,GET_TASKS,80.0dip,30.0dip,@color/white,@string/default_empty_string,12.0dip,,
btn_map_session_4,VIBRATE,80.0dip,30.0dip,@color/white,@string/default_empty_string,12.0dip,,
btn_map_session_4,BROADCAST_STICKY,80.0dip,30.0dip,@color/white,@string/default_empty_string,12.0dip,,
btn_map_session_4,ACCESS_FINE_LOCATION,80.0dip,30.0dip,@color/white,@string/default_empty_string,12.0dip,,
btn_map_session_4,ACCESS_COARSE_LOCATION,80.0dip,30.0dip,@color/white,@string/default_empty_string,12.0dip,,
btn_map_session_4,BLUETOOTH,80.0dip,30.0dip,@color/white,@string/default_empty_string,12.0dip,,
btn_map_session_4,BROADCAST_STICKY,80.0dip,30.0dip,@color/white,@string/default_empty_string,12.0dip,,
btn_map_session_4,ACCESS_NETWORK_STATE,80.0dip,30.0dip,@color/white,@string/default_empty_string,12.0dip,,
btn_map_session_4,WAKE_LOCK,80.0dip,30.0dip,@color/white,@string/default_empty_string,12.0dip,,
btn_map_session_4,INTERNET,80.0dip,30.0dip,@color/white,@string/default_empty_string,12.0dip,,
calendar_view,GET_TASKS,fill_parent,fill_parent,,,,,
calendar_view,ACCESS_NETWORK_STATE,fill_parent,fill_parent,,,,,
calendar_view,INTERNET,fill_parent,fill_parent,,,,,
cbCat3,GET_TASKS,wrap_content,wrap_content,,@string/signup_cat_3,@dimen/header_1,,
cbCat3,ACCESS_NETWORK_STATE,wrap_content,wrap_content,,@string/signup_cat_3,@dimen/header_1,,
cbCat3,INTERNET,wrap_content,wrap_content,,@string/signup_cat_3,@dimen/header_1,,
cbFilter1,GET_TASKS,30.0dip,30.0dip,,,,,
cbFilter1,ACCESS_NETWORK_STATE,30.0dip,30.0dip,,,,,
cbFilter1,INTERNET,30.0dip,30.0dip,,,,,
etSearch,GET_TASKS,fill_parent,wrap_content,,,,,
etSearch,ACCESS_NETWORK_STATE,fill_parent,wrap_content,,,,,
etSearch,INTERNET,fill_parent,wrap_content,,,,,
etSearch,GET_TASKS,fill_parent,wrap_content,,,,,
etSearch,ACCESS_COARSE_LOCATION,fill_parent,wrap_content,,,,,
etSearch,ACCESS_NETWORK_STATE,fill_parent,wrap_content,,,,,
etSearch,INTERNET,fill_parent,wrap_content,,,,,
floatlabel_name,GET_TASKS,fill_parent,wrap_content,,,,,
floatlabel_name,ACCESS_NETWORK_STATE,fill_parent,wrap_content,,,,,
floatlabel_name,INTERNET,fill_parent,wrap_content,,,,,
imgAppPermissionsLocation,GET_TASKS,0.0dip,wrap_content,,,,myENVNEACameraContactsLocation,
imgAppPermissionsLocation,ACCESS_NETWORK_STATE,0.0dip,wrap_content,,,,myENVNEACameraContactsLocation,
imgAppPermissionsLocation,INTERNET,0.0dip,wrap_content,,,,myENVNEACameraContactsLocation,
imgBtnHeaderLeft,GET_TASKS,50.0dip,50.0dip,,,,,
imgBtnHeaderLeft,ACCESS_NETWORK_STATE,50.0dip,50.0dip,,,,,
imgBtnHeaderLeft,INTERNET,50.0dip,50.0dip,,,,,
imgPlayAll,GET_TASKS,20.0dip,20.0dip,,,,,
imgPlayAll,ACCESS_NETWORK_STATE,20.0dip,20.0dip,,,,,
imgPlayAll,INTERNET,20.0dip,20.0dip,,,,,
imgPlayAll,GET_TASKS,20.0dip,20.0dip,,,,,
imgPlayAll,INTERNET,20.0dip,20.0dip,,,,,
ivDot3,GET_TASKS,10.0dip,10.0dip,,,,,
ivDot3,BROADCAST_STICKY,10.0dip,10.0dip,,,,,
ivDot3,ACCESS_FINE_LOCATION,10.0dip,10.0dip,,,,,
ivDot3,ACCESS_COARSE_LOCATION,10.0dip,10.0dip,,,,,
ivDot3,ACCESS_NETWORK_STATE,10.0dip,10.0dip,,,,,
ivDot3,INTERNET,10.0dip,10.0dip,,,,,
iv_filter_indicator_3,GET_TASKS,wrap_content,wrap_content,,,,,
iv_filter_indicator_3,ACCESS_NETWORK_STATE,wrap_content,wrap_content,,,,,
iv_filter_indicator_3,INTERNET,wrap_content,wrap_content,,,,,
ll3,GET_TASKS,wrap_content,wrap_content,@color/white,@string/recycling_point_filter_item_3,20.0dip,,
ll3,ACCESS_NETWORK_STATE,wrap_content,wrap_content,@color/white,@string/recycling_point_filter_item_3,20.0dip,,
ll3,INTERNET,wrap_content,wrap_content,@color/white,@string/recycling_point_filter_item_3,20.0dip,,
llBubble,GET_TASKS,wrap_content,wrap_content,@color/light_grey,@string/error_search_not_found,@dimen/header_103,,
llBubble,ACCESS_NETWORK_STATE,wrap_content,wrap_content,@color/light_grey,@string/error_search_not_found,@dimen/header_103,,
llBubble,INTERNET,wrap_content,wrap_content,@color/light_grey,@string/error_search_not_found,@dimen/header_103,,
llBubble,GET_TASKS,wrap_content,wrap_content,@color/light_grey,@string/error_search_not_found,@dimen/header_103,,
llBubble,ACCESS_NETWORK_STATE,wrap_content,wrap_content,@color/light_grey,@string/error_search_not_found,@dimen/header_103,,
llBubble,INTERNET,wrap_content,wrap_content,@color/light_grey,@string/error_search_not_found,@dimen/header_103,,
llCaseId,GET_TASKS,fill_parent,wrap_content,,,,,
llCaseId,ACCESS_NETWORK_STATE,fill_parent,wrap_content,,,,,
llCaseId,INTERNET,fill_parent,wrap_content,,,,,
llHeaderLeft,GET_TASKS,50.0dip,50.0dip,,,,,
llHeaderLeft,ACCESS_NETWORK_STATE,50.0dip,50.0dip,,,,,
llHeaderLeft,INTERNET,50.0dip,50.0dip,,,,,
llLaunchiFAQ,GET_TASKS,wrap_content,wrap_content,@color/dark_green,@string/contact_nea_ifaq,@dimen/header_1,,
llLaunchiFAQ,INTERNET,wrap_content,wrap_content,@color/dark_green,@string/contact_nea_ifaq,@dimen/header_1,,
llRight,GET_TASKS,0.0dip,wrap_content,,,,,
llRight,ACCESS_NETWORK_STATE,0.0dip,wrap_content,,,,,
llRight,INTERNET,0.0dip,wrap_content,,,,,
llVectorControlMap,GET_TASKS,fill_parent,fill_parent,,,,,
llVectorControlMap,ACCESS_COARSE_LOCATION,fill_parent,fill_parent,,,,,
llVectorControlMap,ACCESS_NETWORK_STATE,fill_parent,fill_parent,,,,,
llVectorControlMap,INTERNET,fill_parent,fill_parent,,,,,
llWasteCollectionMap,GET_TASKS,fill_parent,fill_parent,,,,,
llWasteCollectionMap,INTERNET,fill_parent,fill_parent,,,,,
lvItem,GET_TASKS,fill_parent,wrap_content,,,,,
lvItem,ACCESS_NETWORK_STATE,fill_parent,wrap_content,,,,,
lvItem,INTERNET,fill_parent,wrap_content,,,,,
lvItem,GET_TASKS,fill_parent,fill_parent,,,,,
lvItem,ACCESS_NETWORK_STATE,fill_parent,fill_parent,,,,,
lvItem,INTERNET,fill_parent,fill_parent,,,,,
lvList,GET_TASKS,fill_parent,0.0dip,,,,,
lvList,ACCESS_NETWORK_STATE,fill_parent,0.0dip,,,,,
lvList,INTERNET,fill_parent,0.0dip,,,,,
lvList,GET_TASKS,fill_parent,0.0dip,,,,,
lvList,INTERNET,fill_parent,0.0dip,,,,,
lvList,GET_TASKS,fill_parent,0.0dip,,,,,
lvList,ACCESS_NETWORK_STATE,fill_parent,0.0dip,,,,,
lvList,INTERNET,fill_parent,0.0dip,,,,,
lvList,GET_TASKS,fill_parent,0.0dip,,,,,
lvList,ACCESS_NETWORK_STATE,fill_parent,0.0dip,,,,,
lvList,INTERNET,fill_parent,0.0dip,,,,,
lvList,GET_TASKS,fill_parent,0.0dip,,,,,
lvList,ACCESS_NETWORK_STATE,fill_parent,0.0dip,,,,,
lvList,INTERNET,fill_parent,0.0dip,,,,,
lvList,GET_TASKS,fill_parent,0.0dip,,,,,
lvList,ACCESS_NETWORK_STATE,fill_parent,0.0dip,,,,,
lvList,INTERNET,fill_parent,0.0dip,,,,,
lvList,GET_TASKS,fill_parent,fill_parent,,,,,
lvList,ACCESS_NETWORK_STATE,fill_parent,fill_parent,,,,,
lvList,INTERNET,fill_parent,fill_parent,,,,,
lvList,GET_TASKS,fill_parent,0.0dip,,,,,
lvList,ACCESS_NETWORK_STATE,fill_parent,0.0dip,,,,,
lvList,INTERNET,fill_parent,0.0dip,,,,,
lvSearch,GET_TASKS,fill_parent,fill_parent,,,,,
lvSearch,INTERNET,fill_parent,fill_parent,,,,,
middleGuideline,GET_TASKS,wrap_content,wrap_content,,,,,
middleGuideline,ACCESS_NETWORK_STATE,wrap_content,wrap_content,,,,,
middleGuideline,INTERNET,wrap_content,wrap_content,,,,,
rgAirQualityType,GET_TASKS,fill_parent,wrap_content,,,,,
rgAirQualityType,ACCESS_NETWORK_STATE,fill_parent,wrap_content,,,,,
rgAirQualityType,INTERNET,fill_parent,wrap_content,,,,,
rgStar,GET_TASKS,fill_parent,wrap_content,,,,,
rgStar,ACCESS_NETWORK_STATE,fill_parent,wrap_content,,,,,
rgStar,INTERNET,fill_parent,wrap_content,,,,,
tr_hotline_1,GET_TASKS,fill_parent,wrap_content,,,,,
tr_hotline_1,ACCESS_NETWORK_STATE,fill_parent,wrap_content,,,,,
tr_hotline_1,INTERNET,fill_parent,wrap_content,,,,,
tvCurrentTimestampPopup,GET_TASKS,wrap_content,wrap_content,@color/dark_blue,@string/default_empty_string,@dimen/infowindow_title,,
tvCurrentTimestampPopup,VIBRATE,wrap_content,wrap_content,@color/dark_blue,@string/default_empty_string,@dimen/infowindow_title,,
tvCurrentTimestampPopup,BROADCAST_STICKY,wrap_content,wrap_content,@color/dark_blue,@string/default_empty_string,@dimen/infowindow_title,,
tvCurrentTimestampPopup,ACCESS_FINE_LOCATION,wrap_content,wrap_content,@color/dark_blue,@string/default_empty_string,@dimen/infowindow_title,,
tvCurrentTimestampPopup,ACCESS_COARSE_LOCATION,wrap_content,wrap_content,@color/dark_blue,@string/default_empty_string,@dimen/infowindow_title,,
tvCurrentTimestampPopup,BLUETOOTH,wrap_content,wrap_content,@color/dark_blue,@string/default_empty_string,@dimen/infowindow_title,,
tvCurrentTimestampPopup,BROADCAST_STICKY,wrap_content,wrap_content,@color/dark_blue,@string/default_empty_string,@dimen/infowindow_title,,
tvCurrentTimestampPopup,ACCESS_NETWORK_STATE,wrap_content,wrap_content,@color/dark_blue,@string/default_empty_string,@dimen/infowindow_title,,
tvCurrentTimestampPopup,WAKE_LOCK,wrap_content,wrap_content,@color/dark_blue,@string/default_empty_string,@dimen/infowindow_title,,
tvCurrentTimestampPopup,INTERNET,wrap_content,wrap_content,@color/dark_blue,@string/default_empty_string,@dimen/infowindow_title,,
tvDaysUsageTitle,GET_TASKS,wrap_content,wrap_content,@color/black,@string/home_energy_days_used_a_month_subtitle,@dimen/header_101,,
tvDaysUsageTitle,ACCESS_NETWORK_STATE,wrap_content,wrap_content,@color/black,@string/home_energy_days_used_a_month_subtitle,@dimen/header_101,,
tvDaysUsageTitle,INTERNET,wrap_content,wrap_content,@color/black,@string/home_energy_days_used_a_month_subtitle,@dimen/header_101,,
tvDesGradeA,GET_TASKS,0.0dip,wrap_content,@color/black,@string/lbl_grade_a_des,16.0sp,,
tvDesGradeA,ACCESS_NETWORK_STATE,0.0dip,wrap_content,@color/black,@string/lbl_grade_a_des,16.0sp,,
tvDesGradeA,INTERNET,0.0dip,wrap_content,@color/black,@string/lbl_grade_a_des,16.0sp,,
tvHeaderSubTitle,GET_TASKS,wrap_content,wrap_content,@color/page_header_text,@string/app_name,@dimen/header_102,,
tvHeaderSubTitle,ACCESS_NETWORK_STATE,wrap_content,wrap_content,@color/page_header_text,@string/app_name,@dimen/header_102,,
tvHeaderSubTitle,INTERNET,wrap_content,wrap_content,@color/page_header_text,@string/app_name,@dimen/header_102,,
tvHeaderTitle,GET_TASKS,fill_parent,wrap_content,@color/page_header_text,@string/app_name,@dimen/header_102,,
tvHeaderTitle,ACCESS_NETWORK_STATE,fill_parent,wrap_content,@color/page_header_text,@string/app_name,@dimen/header_102,,
tvHeaderTitle,INTERNET,fill_parent,wrap_content,@color/page_header_text,@string/app_name,@dimen/header_102,,
tvHeatStressSubscriptions,GET_TASKS,fill_parent,wrap_content,,Rain,,,
tvHeatStressSubscriptions,ACCESS_COARSE_LOCATION,fill_parent,wrap_content,,Rain,,,
tvHeatStressSubscriptions,ACCESS_NETWORK_STATE,fill_parent,wrap_content,,Rain,,,
tvHeatStressSubscriptions,INTERNET,fill_parent,wrap_content,,Rain,,,
tvLocation,GET_TASKS,fill_parent,wrap_content,,,14.0sp,,
tvLocation,ACCESS_NETWORK_STATE,fill_parent,wrap_content,,,14.0sp,,
tvLocation,INTERNET,fill_parent,wrap_content,,,14.0sp,,
tvTitle,GET_TASKS,,,,,,,
tvTitle,ACCESS_NETWORK_STATE,,,,,,,
tvTitle,INTERNET,,,,,,,
tvVenue,GET_TASKS,fill_parent,wrap_content,,@string/default_empty_string,@dimen/header_101,,
tvVenue,ACCESS_NETWORK_STATE,fill_parent,wrap_content,,@string/default_empty_string,@dimen/header_101,,
tvVenue,INTERNET,fill_parent,wrap_content,,@string/default_empty_string,@dimen/header_101,,
water_heater_toggle,GET_TASKS,wrap_content,wrap_content,,,@dimen/header_101,,
water_heater_toggle,INTERNET,wrap_content,wrap_content,,,@dimen/header_101,,
wrap_map_top_info,GET_TASKS,wrap_content,wrap_content,#ffffffff,,12.0dip,,
wrap_map_top_info,ACCESS_NETWORK_STATE,wrap_content,wrap_content,#ffffffff,,12.0dip,,
wrap_map_top_info,INTERNET,wrap_content,wrap_content,#ffffffff,,12.0dip,,
wrap_region_haze_legend,GET_TASKS,wrap_content,wrap_content,@color/black,@string/legend,16.0dip,,
wrap_region_haze_legend,INTERNET,wrap_content,wrap_content,@color/black,@string/legend,16.0dip,,
wv_simple_webview,GET_TASKS,fill_parent,wrap_content,,,,,
wv_simple_webview,ACCESS_NETWORK_STATE,fill_parent,wrap_content,,,,,
wv_simple_webview,INTERNET,fill_parent,wrap_content,,,,,
wv_simple_webview,GET_TASKS,fill_parent,0.0dip,,,,,
wv_simple_webview,ACCESS_NETWORK_STATE,fill_parent,0.0dip,,,,,
wv_simple_webview,INTERNET,fill_parent,0.0dip,,,,,
emergency_call_widget_ok_btn,BROADCAST_STICKY,fill_parent,wrap_content,#ffffffff,Ok,18.0sp,,
emergency_call_widget_ok_btn,WAKE_LOCK,fill_parent,wrap_content,#ffffffff,Ok,18.0sp,,
textViewConnectivityTesting,ACCESS_COARSE_LOCATION,fill_parent,wrap_content,,@string/connectivity_testing,16.0sp,,
